Id	Speed	TravelTime	Status	DataAsOf	linkId	linkPoints	EncodedPolyLine	EncodedPolyLineLvls	Owner	Transcom_id	Borough	linkName
1	11.81	418	0	9/20/2014 19:23:00	4616337	40.74047,-74.009251 40.74137,-74.00893 40.7431706,-74.008591 40.7462304,-74.00797 40.74812,-74.007651 40.748701,-74.007691 40.74971,-74.00819 40.75048,-74.008321 40.751611,-74.00789 40.7537504,-74.00704 40.75721,-74.00463 40.76003,-74.002631 40.7607405,-7	}btwFx|ubMsD_AgJcAcR{ByJ_AsBFiEbByCXaFuAkLiDsTaNsPoKmCmB	BBBBBBBBBBBBB	NYC_DOT_LIC	4616337	Manhattan	11th ave n ganservoort - 12th ave @ 40th st
2	18.02	175	0	9/20/2014 19:23:00	4616325	40.73933,-74.01004 40.73895,-74.01012 40.7376,-74.010021 40.7346,-74.01026 40.72912,-74.010781 40.72619,-74.011131	y{swFvavbMjANlGSvQn@fa@fBhQdA	BBBBBB	NYC_DOT_LIC	4616325	Manhattan	11th ave s ganservoort - west st @ spring st
3	6.84	806	0	9/20/2014 19:23:00	4616324	40.76375,-73.999191 40.763521,-73.99935 40.7620804,-74.00136 40.75985,-74.00306 40.75775,-74.00457 40.75775,-74.00457 40.75576,-74.00601 40.7544904,-74.006921 40.7538404,-74.007241 40.75415,-74.00712 40.7502804,-74.00848 40.74833,-74.007771 40.74114,-74.0	mtxwF|}sbMl@^~GpK|LrIbLlH??lK~G|FtD`C~@}@WdWnGdKmC|k@~G`CRzElC	BBBBBBBBBBBBBBB	NYC_DOT_LIC	4616324	Manhattan	12th ave @ 45th - 11 ave ganservoort st
4	16.16	200	0	9/20/2014 19:23:00	4616338	40.7607,-74.002141 40.76212,-74.91 40.76335,-73.999271 40.76491,-73.99805 40.7667406,-73.996681 40.7693,-73.994801 40.7699605,-73.994521 40.7710104,-73.99438 40.7715106,-73.9942	kaxwFjptbM{GuFuFgIwHsFmJqG_OwJcCw@qE[cBc@	BBBBBBBBB	NYC_DOT_LIC	4616338	Manhattan	12th Ave N 40th - 57th St
106	6.21	359	0	9/20/2014 19:23:00	4616323	40.77158,-73.994441 40.7713004,-73.99455 40.77085,-73.99467 40.76997,-73.99481 40.7701604,-73.99477 40.76986,-73.994831 40.7695406,-73.99496 40.769341,-73.99508 40.768311,-73.9958 40.768311,-73.9958 40.76623,-73.99733 40.76623,-73.99733 40.76547,-73.9979 	kezwFf`sbMv@TxAVnDZe@Gz@J~@Xf@VlEnC??~KpH??vCpB??zEbD??dC`B	BBBBBBBBBBBBBBBBB	NYC_DOT_LIC	4616323	Manhattan	12th Ave S 57th St - 45th St
107	45.98	230	0	9/20/2014 19:22:59	4616279	40.64289,-74.21316 40.64275,-74.21222 40.64281,-74.20994 40.64262,-74.20876 40.64133,-74.20626 40.6402,-74.20438 40.63977,-74.20367 40.63921,-74.20284 40.63785,-74.2008 40.63727,-74.19989 40.63632,-74.19808 40.63511,-74.19581 40.63381,-74.19336 40.63086,-	aaawFdw}cMZyDKgMd@mF`GsN`FwJtAkCnBgDnGwKrBuD|DgJpFgMbGiNlQoa@hCgGnDwHbHeOpH}OzI{KnHmIzCaFpCaLlBsV	BBBBBBBBBBBBBBBBBBBBBBB	NYC_DOT_LIC	4616279	Staten Island	278 E BRUNSWICK AVENUE - SIE E SOUTH AVENUE
108	41.01	311	0	9/20/2014 19:22:59	4616280	40.62464,-74.17757 40.62345,-74.17679 40.62242,-74.17657 40.62144,-74.17652 40.62017,-74.17683 40.61893,-74.17729 40.61786,-74.17757 40.62464,-74.17757 40.62345,-74.17679 40.62242,-74.17657 40.62144,-74.17652 40.62017,-74.17683 40.61893,-74.17729 40.6178	_o}vFxxvcMlF}ClEk@bEI|F|@vF|AtEv@jJ`Cfr@j]zPbKzPvQ	BBBBBBBBBBB	NYC_DOT_LIC	4616280	Staten Island	278 E BRUNSWICK AVENUE - WSE S SOUTH AVENUE
110	45.98	167	0	9/20/2014 19:22:59	4616281	40.5256,-74.23039 40.52551,-74.23214 40.52539,-74.23344 40.52526,-74.23765 40.52493,-74.24395 40.5247,-74.24803 40.52455,-74.25073 40.5243,-74.25314 40.52419,-74.25536 40.52419,-74.25623 40.52458,-74.26033 40.52477,-74.2621 40.52528,-74.26624 40.52548,-74	_djvF|badMP|IV`GXhY`Ajf@l@pX\zOp@`NTxL?nDmApXe@bJeBxXg@jFsDtO	BBBBBBBBBBBBBBB	NYC_DOT_LIC	4616281	Staten Island	440 N FRANCIS STREET - WSE N TYRELLAN AVE
119	34.8	186	0	9/20/2014 19:22:03	4456502	40.70631,-74.01501 40.705380,-74.01528 40.70496,-74.01546 40.70374,-74.01574001 40.70304,-74.01582 40.70126,-74.01574 40.70026,-74.01541 40.69408,-74.01304 40.68556,-74.00779 40.68363,-74.00668 40.68213,-74.00602 40.681160,-74.005320 40.6798,-74.00416	mmmwFx`wbMxDt@rAb@rFv@jCNbJOfEaAre@yMft@y_@`K}EjHcC`EkCnGgF	BBBBBBBBBBBBB	MTA Bridges & Tunnels	4456502	Manhattan	BBT E Manhattan Portal - Toll Plaza
122	14.29	405	0	9/20/2014 19:23:00	4616344	40.7073904,-74.01559 40.7078006,-74.01549 40.70853,-74.01522 40.709101,-74.014991 40.7097905,-74.014721 40.71047,-74.014631 40.7111304,-74.014491 40.71202,-74.014261 40.7129506,-74.01401 40.71336,-74.0139 40.7136405,-74.013781 40.713981,-74.013551 40.7144	etmwFldwbMqASqCu@qBm@iCu@gCQcC[qDm@yDq@qAUw@WcAm@wAOu@GiBi@yDk@cEq@mDg@mDg@uDg@wEm@{Dc@mFo@}Fs@	BBBBBBBBBBBBBBBBBBBBBBBB	NYC_DOT_LIC	4616344	Manhattan	BBT Manhattan Portal inbound - West St N Watts St
123	4.97	292	0	9/20/2014 19:23:00	4616345	40.70738,-74.01558 40.70669,-74.0159 40.706371,-74.01604 40.7051,-74.01643 40.70476,-74.01652 	mlmwFr~vbMUKw@AcBj@i@`Aa@vC??l@P??dBf@~BXfEdAp@B	BBBBBBBBBBBBB	NYC_DOT_LIC	4616345	Manhattan	BBT Manhattan Portal inbound - West St S Battery Place
124	42.25	152	0	9/20/2014 19:22:03	4456501	40.68036,-74.00441001 40.6822,-74.0057201 40.6837,-74.006440 40.68563,-74.00757 40.6941205,-74.01288001 40.7002801,-74.01529001 40.70121,-74.0156 40.703434,-74.0156101 40.70499,-74.01519 40.70609,-74.01468	gkhwFp~tbMoJdGkHnCaK`Fat@d`@oe@`NyD|@{L@wHsA{EeB	BBBBBBBBBB	MTA Bridges & Tunnels	4456501	Manhattan	BBT W Toll Plaza - Manhattan Portal
129	49.71	84	0	9/20/2014 19:22:59	4616246	40.8240706,-73.874311 40.8247,-73.86959 40.8251906,-73.86596 40.82536,-73.86426 40.82587,-73.85961 40.8266006,-73.85424 40.8271806,-73.84994	mmdxFjq{aM}Bm\aBwUa@sIeB_\qCq`@sB{Y	BBBBBBB	NYC_DOT_LIC	4616246	Bronx	BE N STRATFORD AVENUE - CASTLE HILL AVE
137	37.9	112	0	9/20/2014 19:22:59	4616260	40.8242005,-73.874361 40.8249804,-73.868411 40.8254,-73.865281 40.82591,-73.860311 40.8266906,-73.854581 40.8273104,-73.84998	gndxFvq{aM{Ced@sAqReBa^{Cyb@{Bw[	BBBBBB	NYC_DOT_LIC	4616260	Bronx	BE S CASTLE HILL AVENUE - STRATFORD AVENUE
140	24.23	138	0	9/20/2014 19:22:03	4456479	40.79789,-73.91988 40.79771,-73.92004 40.79758,-73.92022 40.7974704,-73.92059 40.797501,-73.92109 40.79766,-73.92165 40.79811,-73.922631 40.79834,-73.922991 40.79872,-73.92381 40.799091,-73.924681 40.7993305,-73.92524 40.7999805,-73.926881 40.80096,-73.92	yi_xFfndbMb@^Xb@ThAEbB_@nByAbEm@fAkAbDiAlDo@nBaCfIcEfMkBnGeAhD	BBBBBBBBBBBBBBB	MTA Bridges & Tunnels	4456479	Queens	BE S TBB EXIT RAMP - MANHATTAN LIFT SPAN
141	37.28	192	0	9/20/2014 19:22:03	4456478	40.772251,-73.919891 40.77391,-73.9222 40.77474,-73.92301 40.77647,-73.92431 40.7783606,-73.925761 40.7810205,-73.92776 40.78372,-73.92982 40.7842205,-73.93002 40.78477,-73.93011 40.78549,-73.930051 40.7860304,-73.92985 40.7866206,-73.929511 40.7883206,-7	qizwFhndbMkIlMeD`DyIbGyJ`HsOnK{OzKcBf@mBPoCKkBg@uBcAsIiHgGgFuFaEiGoFqMaLmGmFcFsDcHyE{ByA{EcDqGoEeAo@}@e@	BBBBBBBBBBBBBBBBBBBBBBBBB	MTA Bridges & Tunnels	4456478	Queens	BE S TBB EXIT RAMP - QUEENS ANCHORAGE
145	27.96	91	0	9/20/2014 19:23:00	4616342	40.7081105,-73.99944 40.7084705,-73.99884 40.70868,-73.998331 40.70886,-73.997751 40.709,-73.99702 40.7091405,-73.99594	uxmwFn_tbMgAwBi@eBc@sB[qC[wE	BBBBBB	NYC_DOT_LIC	4616342	Manhattan	BKN Bridge Manhattan Side - FDR N Catherine Slip
148	24.85	492	0	9/20/2014 19:22:59	4616257	40.69153,-73.99911 40.6922605,-73.99937 40.6928906,-73.99937 40.6933406,-73.99925 40.69406,-73.99898 40.695,-73.99853 40.697371,-73.99741 40.699431,-73.99642 40.69977,-73.9962 40.7001405,-73.99584 40.7004504,-73.995421 40.7007905,-73.994881 40.7010805,-7	aqjwFl}sbMqCr@}B?yAWoCu@{DyAyM_F{KeEcAk@iAgA}@sAcAkBy@kBy@}Ck@kDMmCA{CNyB`@qFbAcMXuB\wAf@qAbA{AbCqCx@aAfGaHhCwChAkAnAkC`@wBP_DpBavAKkDiAkEuAmByBaB_Cg@{LqCuFmBiFeCgNuGqKcFwKmF}EmCcCuAiC}AyCgBaFeD}B{BeKwMyIwN	BBBBBBBBBBBBBBBBBBBBBBBBBBBBBBBBBBBBBBBBBBBBBBBBBBBB	NYC_DOT_LIC	4616257	Brooklyn	BQE N ATLANTIC AVENUE - LEONARD STREET
149	19.88	358	0	9/20/2014 19:23:00	4616339	40.6916,-73.99915 40.69236,-73.99939 40.69272,-73.999411 40.69328,-73.99929 40.6940504,-73.999001 40.694461,-73.998831 40.694931,-73.99862 40.69543,-73.99836 40.69592,-73.99813 40.69675,-73.99772 40.6977506,-73.997251 40.698871,-73.996721 40.6993606,-73.9	oqjwFt}sbMwCn@gABoBWkF{AaE}AaBm@mJoDaI}Co@UoAmAyAwBiBiDi@eBg@yB_@mBS{BAuCBeARoCb@{Ej@aA~@_@t@HVXD^C`@u@hBWl@qCtDgChDsH`KyKtNcNjQaCfDiBnCaCrD	BBBBBBBBBBBBBBBBBBBBBBBBBBBBBBBBBBBBB	NYC_DOT_LIC	4616339	Manhattan	BQE N Atlantic Ave - BKN Bridge Manhattan Side
150	3.11	2876	0	9/20/2014 19:23:00	4616340	40.7016405,-73.991121 40.70158,-73.99033 40.7014405,-73.98932 40.70123,-73.98797 40.7011505,-73.987461 40.70094,-73.986521 40.70073,-73.985921 40.70055,-73.985581 40.70029,-73.985211 40.76,-73.984951 40.69975,-73.984681 40.6995605,-73.984551 40.69944,-73.	gplwFnkrbMJ}CZiEh@mGNeBh@{Dh@wBb@cAr@iAl@s@|@u@d@YVGl@A^JTVVn@Dt@Gl@Uf@i@j@eA~@gCjAyDhBcCfA_A`@cB|@wIbEgF~BuPdI}SzI{KbFeGtC{CJ	BBBBBBBBBBBBBBBBBBBBBBBBBBBBBBBBBB	NYC_DOT_LIC	4616340	Manhattan	BQE N Atlantic Ave - MAN Bridge Manhattan Side
153	24.85	375	0	9/20/2014 19:22:59	4616235	40.69153,-73.99911 40.6922605,-73.99937 40.6928906,-73.99937 40.6933406,-73.99925 40.69406,-73.99898 40.695,-73.99853 40.697371,-73.99741 40.699431,-73.99642 40.69977,-73.9962 40.7001405,-73.99584 40.7004504,-73.995421 40.7007905,-73.994881 40.7010805,-73	}sowFx_jbMwDgHuHgOgG}LqBkDmB}CeCeFoD{Hg@qAcAgGuC_Qy@{D}AwD_CqD{BuC{BuCyBcCcEyDqEuCiIuEsBkBiBuBoAqBs@aBeB{FwAgI	BBBBBBBBBBBBBBBBBBBBBBBBBB	NYC_DOT_LIC	4616235	Brooklyn	BQE N LEONARD STREET - 46TH STREET
154	6.84	574	0	9/20/2014 19:22:59	4616229	40.6757405,-74.00126 40.6765204,-74.0018 40.67817,-74.003221 40.67864,-74.003471 40.67925,-74.0036 40.6796,-74.00358 40.68003,-74.003441 40.6806205,-74.003161 40.68153,-74.00273 40.6853005,-74.891 40.68726,-73.999951 40.6892405,-73.99899 40.68972,-73.9988	kngwFzjtbM{CjBiIzG}Ap@yBXeACuA[uBw@uDuAqVoJgK{DkK_E_Ba@yBEuBj@eCt@	BBBBBBBBBBBBBBBB	NYC_DOT_LIC	4616229	Brooklyn	BQE S - GOW S ALTANTIC AVENUE - 9TH STREET
155	9.94	694	0	9/20/2014 19:22:59	4616232	40.71772,-73.94831 40.71862,-73.946851 40.72016,-73.94432 40.721481,-73.942051 40.7221204,-73.941121 40.7226804,-73.94034 40.72332,-73.93917 40.72411,-73.93774 40.72437,-73.937211 40.7247205,-73.93591 40.7254605,-73.933 40.72574,-73.932121 40.72612,-73.93	wtowF|_jbMsDcHsHyNgGeM_CyDoB{C_CiF}C}Gs@iBeAcGsCeQw@oDkAuCuCyEwBoCqBkCeCoCaEqD_EgCuIkFsBeBgBsByAaCu@eBiB}FqAiI	BBBBBBBBBBBBBBBBBBBBBBBBBB	NYC_DOT_LIC	4616232	Brooklyn	BQE S 46TH STREET - LEONARD STREET
157	9.94	1527	0	9/20/2014 19:22:59	4616271	40.69158,-73.99929 40.69221,-73.999531 40.69286,-73.99952 40.69335,-73.999361 40.69411,-73.99907 40.6950804,-73.998591 40.6974105,-73.997481 40.69959,-73.99644 40.6998306,-73.996271 40.70022,-73.9959 40.70053,-73.995471 40.7008805,-73.9949 40.70116,-73.99	kqjwFp~sbM}Bn@aCAaB_@wCy@aE_BqM}EsLoEo@a@mAiA}@uAeAqBw@mB{@_Di@sDKkC?uCLeC^sF`A{LZ}B\{An@{A`A{AdCmCx@_AfGaHnCuC|@eAlAsC\oBN{CnBsuAQmDc@yBiAeCkBeBoDeAeMqCaGyBsEyByN_HcKyE}KqFgFaCkDq@uCoAaC_B{DmEeCyCaKyMyIkO	BBBBBBBBBBBBBBBBBBBBBBBBBBBBBBBBBBBBBBBBBBBBBBBBBBBB	NYC_DOT_LIC	4616271	Brooklyn	BQE S LEONARD STREET - ATLANTIC AVENUE
159	49.71	111	0	9/20/2014 19:22:59	4616252	40.8563506,-73.87233 40.85219,-73.871371 40.85007,-73.87111 40.8469404,-73.87115 40.8459605,-73.871311 40.8424005,-73.87202 40.83961,-73.87273 40.8362404,-73.87372 40.8349506,-73.8739 40.8333606,-73.873831 40.8319705,-73.873681 40.82985,-73.87313 40.82683	ewjxF`e{aM~X_EfLs@pRFbE^fUlClPlC`TdE`Gb@|HMtG]fLmBzQaB	BBBBBBBBBBBBB	NYC_DOT_LIC	4616252	Bronx	BRP N WATSON AVENUE - FORDHAM ROAD 
160	42.25	132	0	9/20/2014 19:22:59	4616266	40.8562805,-73.87254 40.8521804,-73.871581 40.8501706,-73.871451 40.8483304,-73.871491 40.8458506,-73.87152 40.84239,-73.872261 40.83964,-73.87291 40.8363,-73.8739 40.8349506,-73.87408 40.83339,-73.87407 40.8319705,-73.873921 40.8298404,-73.873331 40.8268	wvjxFjf{aMrX_EpKYnJFnNDrTrCdP`CzSdElGb@vHAzG]hLuB|Q{A	BBBBBBBBBBBBB	NYC_DOT_LIC	4616266	Bronx	BRP S FORDHAM ROAD - WATSON AVENUE
164	39.77	115	0	9/20/2014 19:22:03	4456497	40.79932,-73.82809 40.8006,-73.82895 40.8047004,-73.83146 40.8114405,-73.83571 40.8120204,-73.836031 40.8124904,-73.836211 40.8128505,-73.836261 40.8148205,-73.83629	wr_xFppraM_GjDsXtNci@pYsB~@}Ab@gAHiKD	BBBBBBBB	NYC_DOT_LIC	4456497	Queens	BWB N Queens Anchorage - Toll Plaza 
165	47.85	52	0	9/20/2014 19:23:00	4616305	40.81477,-73.83629 40.81611,-73.83627 40.8178404,-73.83601 40.8202405,-73.83589 40.823961,-73.83607 40.82513,-73.83624	isbxFxctaMkGCyIs@_NWgVb@iF`@	BBBBBB	NYC_DOT_LIC	4616305	Bronx	BWB N Toll Plaza - HRP N Lafayatte Ave
167	47.85	134	0	9/20/2014 19:23:00	4616312	40.7992604,-73.828251 40.79751,-73.827091 40.795711,-73.8258 40.7932906,-73.82419 40.7925904,-73.82378 40.791681,-73.823501 40.7907606,-73.823421 40.7886106,-73.82362 40.7870405,-73.82414 40.78439,-73.8247 40.78249,-73.825031 40.7817,-73.82527 40.78065,-7	kr_xFpqraM|IgFfJaGbNaIjCqAtDw@vDOlLf@xHfBpOnBzJ`A|Cn@pEfBz[|O|HzEtBdBnElFhElHbAxB	BBBBBBBBBBBBBBBBBBB	NYC_DOT_LIC	4616312	Queens	BWB S Queens Anchorage - WSE S Exit 14 (Linden Pl)
168	36.04	128	0	9/20/2014 19:22:03	4456496	40.814761,-73.83668 40.81354,-73.83659 40.8130504,-73.8365 40.8124505,-73.83638 40.8118404,-73.836121 40.8111,-73.83562 40.8049306,-73.831821 40.79925,-73.828251	gsbxFfftaMrFQ`BQvBWxBs@rCcBpe@wVnb@iU	BBBBBBBB	NYC_DOT_LIC	4456496	Bronx	BWB S Toll Plaza - Queens Anchorage
169	44.12	207	0	9/20/2014 19:23:00	4616355	40.66639,-73.76248 40.66579,-73.75706 40.66574,-73.7563 40.66571,-73.7494 40.66542,-73.74244 40.66552,-73.74173 40.66564,-73.74133 40.66592,-73.74068 40.6661,-73.74033 40.66662,-73.73964 40.6671,-73.73915 40.66821,-73.7382 40.67221,-73.73551 40.6737,-73.7	}sewFnveaMvB{`@HwCDcj@x@oj@SmCWoAw@aCc@eAgBiC_BaB}E}D_XyOiHeFeIwGgTeS_TwMsFsCWE	BBBBBBBBBBBBBBBBBBB	NYC_DOT_LIC	4616355	Queens	Belt Pkwy E 182nd St - Laurelton Pkwy N @ SSP
170	16.16	235	0	9/20/2014 19:23:00	4616356	40.6665206,-73.76246 40.66738,-73.77021 40.66751,-73.77209 40.66752,-73.772861 40.66749,-73.775591 40.66722,-73.78108 40.66673,-73.786471	wtewFjveaMkDlo@YvJAxCD`Pt@ha@`Bt`@	BBBBBBB	NYC_DOT_LIC	4616356	Queens	Belt Pkwy W 182nd St - JFK Expressway
171	8.7	1313	0	9/20/2014 19:23:00	4616357	40.66673,-73.78649 40.66642,-73.78958 40.66642,-73.78958 40.66642,-73.790421 40.6665006,-73.79161 40.666771,-73.793241 40.666771,-73.793241 40.6667404,-73.796111 40.6667404,-73.796111 40.6667205,-73.799361 40.6668105,-73.799681 40.6669706,-73.79989 40.666	avewFpljaM|@hR???fDOlFu@dI??D|P??BhSQ~@_@h@??uDdDcAf@}ANiEQkIG??{GXeC^gBj@EH??qQlGiSvHuC|@u]bNwd@jTwQfI{K`GkPxHqPlG	BBBBBBBBBBBBBBBBBBBBBBBBBBBBBBBBB	NYC_DOT_LIC	4616357	Queens	Belt Pkwy W JFK Expressway - VWE N Jamaica Ave
172	42.25	102	0	9/20/2014 19:23:00	4616310	40.82495,-73.836211 40.82367,-73.83602 40.8202605,-73.835941 40.81888,-73.835951 40.81555,-73.83628 40.81275,-73.83627 40.8124306,-73.83621140.81201,-73.836031 40.81139,-73.83571 40.79715,-73.82657	gxhxFp{fbMpAiE`@kGhEm[L{FQqIUeKm@}^?gTB{FLgG	BBBBBBBBBBB	NYC_DOT_LIC	4616310	Bronx	CBE AMSTERDAM AVE (L/LVL) - MORRIS AVE
177	41.01	103	0	9/20/2014 19:23:00	4616309	40.8464305,-73.93213 40.8458904,-73.930331 40.84516,-73.92739 40.84478,-73.925401 40.8447106,-73.92412 40.84478,-73.92246 40.844891,-73.92045 40.8451105,-73.91534 40.8451305,-73.91194 40.8451105,-73.910811 40.84503,-73.909371	eyhxFxzfbMjBiJpCiQjAoKL_GMiIUqKk@}^CgTBcFN_H	BBBBBBBBBBB	NYC_DOT_LIC	4616309	Bronx	CBE E AMSTERDAM AVE(U/LVL) - MORRIS AVE
178	47.22	175	0	9/20/2014 19:22:59	4616297	40.8302204,-73.850641 40.8295305,-73.848401 40.8291004,-73.847491 40.82836,-73.8459 40.8281405,-73.84524 40.8280305,-73.844641 40.827991,-73.843911 40.82804,-73.842981 40.8281906,-73.841761 40.8286304,-73.83844 40.82887,-73.83673 40.8291904,-73.83548 40.8	{sexFn}vaMhC_MtAuDrC}Hj@cCTwBFqCIyD]sFwAwSo@uI_AyFe@wBmAmE}A}DwAsCyFqK{DmH}AuD{D_KeCiCiCmAuDQwC`@kH`B	BBBBBBBBBBBBBBBBBBBBBBBBB	NYC_DOT_LIC	4616297	Bronx	CBE E CASTLE HILL AVE - BE N WATERBURY AVE
184	24.85	100	0	9/20/2014 19:22:59	4616253	40.8347204,-73.86593 40.83357,-73.86199 40.8327305,-73.8592 40.8312,-73.85409 40.83017,-73.85069 40.83015,-73.85071 40.8301304,-73.850731 40.8301105,-73.850731	_pfxF`}yaMdFsWfDmPpH}^lEgTBBBBB	BBBBB	NYC_DOT_LIC	4616253	Bronx	CBE E TAYLOR AVENUE - CASTLE HILL AVENUE
185	45.98	55	0	9/20/2014 19:22:59	4616267	40.8304204,-73.850811 40.83156,-73.854671 40.83238,-73.857341 40.83312,-73.859891 40.83335,-73.86046 40.83352,-73.86113 40.8337406,-73.862011 40.83415,-73.86333 40.8345205,-73.86458 40.8350406,-73.866311	cuexFp~vaMcFbWcDtOsC|Nm@pBa@dCk@nDqAfGiAxFgBxI	BBBBBBBBBB	NYC_DOT_LIC	4616267	Bronx	CBE W CASTLE HILL AVENUE - TAYLOR AVENUE
186	37.9	215	0	9/20/2014 17:54:37	4620315	40.84667,-73.93188 40.847331,-73.933501 40.8487104,-73.936901 40.84935,-73.93988 40.84962,-73.94175 40.8501204,-73.94462 40.851271,-73.95037 40.85172,-73.95283 40.8521,-73.95515 40.85295,-73.95957 40.85329,-73.96061 40.85352,-73.96142 40.853621,-73.96192 	uzhxFfyfbMcCbIsGfT_CrQu@tJcB|PeF|b@yAjNkAnMiDrZcAnEm@`DSbByAbG	BBBBBBBBBBBBBB	PA-GWBridge	4620315	Bronx	CBE W L/LE V AMSTERDAM AVE - I 95 S LOC LNS
190	32.93	129	0	9/20/2014 19:21:34	4620332	40.84671,-73.931941 40.8460306,-73.930181 40.84539,-73.92753 40.8456,-73.925891 40.8448604,-73.92471 40.84488,-73.92327 40.8451305,-73.91885 40.8452706,-73.913131 40.84516,-73.909371	}zhxFryfbMfC_J~BqOlAgIZkFC_Hq@sZ[wb@ToV	BBBBBBBBB	PA-GWBridge	4620332	Bronx	CBE W MORRIS AVE - GWB W AMSTERDAM AVE (L/LVL)
191	39.77	108	0	9/20/2014 19:21:34	4620331	40.8465405,-73.932021 40.84611,-73.93075 40.8452706,-73.92726 40.84496,-73.925931 40.8448206,-73.924811 40.8448206,-73.923691 40.84501,-73.92041 40.84523,-73.91556 40.8452404,-73.91198 40.8452006,-73.91082 	{yhxFbzfbMtA}FfDyT|@iGZ_F?_Fe@oSk@i]AkUFgF	BBBBBBBBBB	PA-GWBridge	4620331	Bronx	CBE W MORRIS AVE - GWB W AMSTERDAM AVE (U/LVL)
195	42.87	193	0	9/20/2014 17:52:33	4620310	40.84653,-73.932031 40.8471706,-73.933591 40.84859,-73.93696 40.849211,-73.939901 40.84955,-73.941791 40.85004,-73.944611 40.85116,-73.95037 40.85161,-73.952851 40.8520306,-73.955211 40.85291,-73.959611 40.853241,-73.96066 40.8534605,-73.961481 40.8535705	yyhxFdzfbM_CvH{G`T{BjQcAxJaBrP_F~b@yAnNsAvMoDnZaApEk@bDUrBm@pF	BBBBBBBBBBBBBB	PA-GWBridge	4620310	Bronx	CBE W U/LEV AMSTERDAM AVE - I95 S EXP LNS
199	49.71	217	0	9/20/2014 19:23:00	4616351	40.71167,-73.72839 40.71309,-73.72892 40.71362,-73.72902 40.71486,-73.7291 40.71577,-73.72891 40.71674,-73.72849 40.71735,-73.72803 40.71918,-73.72643 40.72008,-73.72586 40.72073,-73.72557 40.72246,-73.72499 40.72322,-73.7248 40.73177,-73.72294 40.73334,-	}nnwFla_aM{GhBiBRwFNuDe@aEsAyB{AmJ_IsDqBaCy@yIsBwCe@mt@sJyHu@kCIwDP{CZwB`@gJrCaDnBgGfG}ClFsD~HyGnQeHlNmC~DyDxE{HvIwBxCmCvEqDjHmBtCyCdDsC`CgRpNyIrHwD~DcB`C	BBBBBBBBBBBBBBBBBBBBBBBBBBBBBBBBBBBBBB	NYC_DOT_LIC	4616351	Queens	CIP N Hempstead Tpk - LIE
204	55.92	208	0	9/20/2014 19:23:00	4616320	40.7894406,-73.786291  40.78918,-73.78792  40.78876,-73.789521  40.7882704,-73.790631  40.7872906,-73.79263  40.7866804,-73.7941  40.7864,-73.794901  40.7861204,-73.796241  40.78602,-73.79693  40.78596,-73.79837  40.78615,-73.80182  40.786331,-73.80525  4	_u}wFhkjaMr@dI~A~HtA|EbEnKxBdHv@~Cv@jGRhCJ~G[pTm@lT}@nS[vB@p@]dHiAlPo@tEiA|Fu@nCoDvKiAhFa@`DSxCAbAFfAb@lB`AbBjBjA??xHfBpOnBzJ`A|Cn@pEfBz[|O|HzEtBdBrEjFjEjHhAzB	BBBBBBBBBBBBBBBBBBBBBBBBBBBBBBBBBBBBBBBBB	NYC_DOT_LIC	4616320	Queens	CIP N TNB - Whitestone Expwy S Exit 14 (Linden Pl)
205	16.16	999	0	9/20/2014 19:20:25	4362247	40.78819,-73.79052 40.7887906,-73.78895 40.7891204,-73.78771 40.7894104,-73.78573 40.7894805,-73.78448 40.7894104,-73.78255 40.789241,-73.78116 40.78896,-73.77992 40.7885405,-73.77866 40.7880904,-73.777661 40.78754,-73.77664 40.7870405,-73.77592 40.786440	em}wFvekaMwByHaAwFy@kKMyFLaK`@uGv@wFrA{FxAiElBiEbBoCvBmCjE{DxFwEzGyFlM{MvE}CbJkDrKqEtIoFlG_GtLiOrCgD~DoB|H}C`IaBpGmBbG{DrDiEzBsD`B{EvAkGlCgL|A}EpCiFlE{ExFoFpD_D|JkHlEoDvEeEhDiE|BoDvDsH`DoF|CwDvEeFzCwEvA_Hw@aI}CiEiEwD{BgBeKiCqDwAwD{CcCyCuCsF_DeG}CoD	BBBBBBBBBBBBBBBBBBBBBBBBBBBBBBBBBBBBBBBBBBBBBBBBBBBBBBBBBBBBB	NYC-DOT-Region 10	4362247	Queens	CIP NB GCP - TNB
207	52.2	146	0	9/20/2014 19:23:00	4616352	40.71426,-73.729261  40.7136604,-73.7292  40.7123906,-73.728861  40.71038,-73.72795  40.7091206,-73.72763  40.69798,-73.72709  40.6909405,-73.72678  40.6900905,-73.72678  40.68932,-73.72673  40.687321,-73.72641  40.68526,-73.726341  40.68526,-73.72634  40	c_owFzf_aMvBK|FcApKuDzF_ArdAkB~j@}@hD?xCInK_AzKM??xCLhDr@	BBBBBBBBBBBBBB	NYC_DOT_LIC	4616352	Queens	CIP S Hempstead Tpk - Laurelton Pkwy @ SSP
208	54.06	203	0	9/20/2014 19:23:00	4616350	40.74877,-73.73895  40.74799,-73.73784  40.74717,-73.73689  40.74625,-73.73597  40.74547,-73.7350  40.74466,-73.734  40.744,-73.73302  40.74372,-73.73251  40.74184,-73.72849  40.7406,-73.72642  40.7396,-73.72512  40.73889,-73.724471  40.7380804,-73.723981	yvuwFlcaaMzC}EbD}DvDwDzC{D`DmEbCcEv@eBvJcXvF}KfEcGlCaC`DaBzHyBj@YbE{@bDO|D?vCP|QtBnl@bIzIrB~D~AtCjBrHtGrAz@pCrAbCp@vAR~DF	BBBBBBBBBBBBBBBBBBBBBBBBBBBBBB	NYC_DOT_LIC	4616350	Queens	CIP S LIE - Hempstead Tpk
211	57.17	288	0	9/20/2014 19:20:25	4362250	40.78795,-73.790191 40.78647,-73.78812 40.7862104,-73.787781 40.78587,-73.787381 40.7854106,-73.786931 40.7846506,-73.786261 40.7843806,-73.786071 40.78327,-73.78547 40.78266,-73.785271 40.7795604,-73.78463 40.77606,-73.78439 40.77373,-73.78426 40.77273,-	uk}wFtckaMfH}Kr@cAbAoAzAyAvCeCt@e@|EwBxBg@jR_CzTo@pMYfEi@jCk@de@}RbReIrLyEve@sJxMmDb[iL|CwApFkCfAuAPaDcBkKc@uD	BBBBBBBBBBBBBBBBBBBBBBBBBB	NYC-DOT-Region 10	4362250	Queens	CVE NB GCP - WILLETS PT BLVD
212	54.06	200	0	9/20/2014 19:20:25	4362244	40.78802,-73.79003 40.7868604,-73.78838 40.7863506,-73.787771 40.7854504,-73.786831 40.78502,-73.786481 40.7848004,-73.78632 40.7844005,-73.78601 40.7837704,-73.785671 40.7831705,-73.78538 40.78264,-73.7852 40.7817,-73.78497 40.78116,-73.78489 40.78058,-7	cl}wFtbkaMfFiIdByBrD{DtAeAj@_@nA}@|BcAvBy@hBc@zDm@jBOrBY|C_@f@EpHk@|Is@????bIOrGa@xHcBvFyBtImDzHgDtBcAtCoApCgAbEqA~QuHxGqDbCUbCRjEcApEy@jGeAtEi@dBg@t@SdRyGzHwC|IcDbKuDdLeEnM}ExOwFzRsHnCoArGeEtOaQjGqMbCoJ|@{GDuIe@Sf	BBBBBBBBBBBBBBBBBBBBBBBBBBBBBBBBBBBBBBBBBBBBBBBBBBBBBBB	NYC-DOT-Region 10	4362244	Queens	CVE NB LIE - WILLETS PT BLVD
213	37.9	68	0	9/20/2014 19:22:03	4456450	40.80069,-73.92878 40.8013005,-73.930181 40.8014104,-73.93057 40.80143,-73.93084 40.80133,-73.93106 40.8011404,-73.931261 40.80084,-73.931271 40.8006704,-73.93115 40.8005206,-73.930951 40.8001805,-73.930151 40.8705,-73.929931 40.7998905,-73.92972 40.79972	i{_xFzefbMyBvGUlACt@Rj@d@f@z@@`@W\g@bA_DTk@b@i@`@a@n@YhAKjGYp@M`DTtCf@|@\xBrA~@z@dBnD	BBBBBBBBBBBBBBBBBBBBBBB	MTA Bridges & Tunnels	4456450	Manhattan	FDR N - TBB E 116TH STREET - MANHATTAN TRUSS
215	41.01	165	0	9/20/2014 19:23:00	4616329	40.7369006,-73.974651 40.73868,-73.973391 40.73897,-73.97323 40.73955,-73.97298 40.7415304,-73.97247 40.7423406,-73.97229 40.7428504,-73.97213 40.74338,-73.971871 40.7440804,-73.97141 40.7446706,-73.97103 40.7455605,-73.970301 40.7465204,-73.96929 40.7472	slswFpdobMcJ{Fy@_@sBq@kKeBaDc@eB_@iBs@kC{AuBkAqDqC_EiEyCuCcDaCeT}PuJuIrAhAcE{CaEkDcEkFsEiD}FiEiHoFcAwA}BoD	BBBBBBBBBBBBBBBBBBBBBBBBB	NYC_DOT_LIC	4616329	Manhattan	FDR N 25th - 63rd St
217	45.98	220	0	9/20/2014 19:23:00	4616328	40.71141,-73.97866 40.712,-73.97793 40.712661,-73.977511 40.71379,-73.976931 40.7150904,-73.976251 40.7164,-73.9756 40.7172404,-73.975231 40.7182305,-73.97497 40.7200604,-73.97471 40.72158,-73.97453 40.7223506,-73.974331 40.72328,-73.973801 40.72504,-73.9	w~mwFjisbMc@}HkCe^gBoZe@iQe@mJSaBYmA_A{BuBqCcCsAaFsBcGgCeGaCgDiAeEs@mJs@oHc@yCg@yDiB_J{EiFeCyDq@yE]gB?eALiA\eAz@yBdCuBbCcAl@}D`AeDl@kNvBaAF}AMeBc@	BBBBBBBBBBBBBBBBBBBBBBBBBBBBBBBBBBBBB	NYC_DOT_LIC	4616328	Manhattan	FDR N Catherine Slip - 25th St
221	44.74	228	0	9/20/2014 19:23:00	4616333	40.736971,-73.97477 40.73651,-73.975011 40.73595,-73.97506 40.73512,-73.974911 40.734061,-73.974611 40.7327304,-73.974281 40.731711,-73.97403 40.7313705,-73.973851 40.73096,-73.97359 40.73067,-73.97328 40.73019,-73.972671 40.72966,-73.972181 40.72914,-73.	amswFheobMzAn@nBHdD]rE{@hGaAjEq@bAc@pAs@x@}@~AyBhBaBfB{@vBU~ADpBNnCXnB`@zCpAtEdCjE`CxBhAvAl@hC\pCPbDPlDPpDZ|B\|Cz@fA\XVbGzBpElBfIfDpAz@dBvBl@lAf@dC`@`EVtKXnIj@dKt@vN|@tL|AvSh@lH	BBBBBBBBBBBBBBBBBBBBBBBBBBBBBBBBBBBBBBBBBBBBBBB	NYC_DOT_LIC	4616333	Manhattan	FDR S 25th St - Catherine Slip
222	19.26	361	0	9/20/2014 19:23:00	4616332	40.7606904,-73.956791 40.7601606,-73.95751 40.75941,-73.9582 40.758081,-73.959251 40.75674,-73.96034 40.75594,-73.960941 40.7548505,-73.9623 40.7535,-73.96347 40.7530804,-73.963941 40.7527204,-73.96419 40.75171,-73.96518 40.75041,-73.96625 40.7492,-73.967	iaxwF|tkbMhBnCtChChGpEjGxE~CvBxEnGlGhFrA|AfAp@hEdEbGtEpF~DzE|DvGhFlGhG~CxB|EjC~BfA`Dv@zMfBxAd@bChApBrA~DfC	BBBBBBBBBBBBBBBBBBBBBBBBB	NYC_DOT_LIC	4616332	Manhattan	FDR S 63rd - 25th St
223	9.94	257	0	9/20/2014 19:23:00	4616341	40.70908,-73.9959 40.70895,-73.996941 40.70882,-73.997611 40.70861,-73.99827 40.70841,-73.998731 40.7082204,-73.99911 40.70806,-73.99937	w~mwFjisbMXnEXdCh@bCf@zAd@jA^r@	BBBBBBB	NYC_DOT_LIC	4616341	Manhattan	FDR S Catherine Slip - BKN Bridge Manhattan Side
224	8.08	152	0	9/20/2014 19:23:00	4616334	40.70915,-73.995921 40.70895,-73.9974 40.70871,-73.99818 40.7084506,-73.99889 40.70799,-73.999681 40.7074605,-74.68 40.70631,-74.002801 40.70521,-74.004551 40.7039204,-74.00654 40.7027605,-74.00843 40.70235,-74.00909 40.70212,-74.00955 40.70194,-74.01008 	e_nwFnisbMf@fHn@zCr@lCzA|ChBfEdFfLzE|I`GlKfFxJpAbCl@zAb@hBdAhHd@zD	BBBBBBBBBBBBBBB	NYC_DOT_LIC	4616334	Manhattan	FDR S Catherine Slip - Whitehall St
225	36.04	90	0	9/20/2014 19:22:03	4456495	40.7013,-74.01317 40.7014804,-74.014261 40.7016405,-74.014801 40.7021105,-74.015481 40.7028,-74.01598 40.7034806,-74.016321 40.70429,-74.01652 40.7048404,-74.01658 40.70503,-74.01658 40.70544,-74.01644 40.70588,-74.016281 40.706371,-74.01609 40.706661,-74	cnlwFhuvbMc@xE_@jB}AfCiCbBgCbAaDf@mBJe@?qA[wA_@aBe@y@c@eBi@	BBBBBBBBBBBBBB	NYC_DOT_LIC	4456495	Manhattan	FDR S Whitehall St - BBT Manhattan Portal outbound
257	37.9	331	0	9/20/2014 19:23:00	4616318	40.6333906,-74.01586 40.634,-74.015921 40.63445,-74.01605 40.6349304,-74.0163 40.6354904,-74.016831 40.6363404,-74.0181 40.6376906,-74.020311 40.63817,-74.02093 40.6386004,-74.02127 40.6391604,-74.02155 40.63971,-74.02163 40.6402406,-74.021561 40.6409304,	ue_wFbfwbMyBJyAX_Bp@oBhBiD|FmGxL_BzBuAbAoBv@mBNiBMiCaAuCcCuD_EmMiM{V{Wq~@_aAmb@wc@qB_BkDsA{BQkDN}FrBqX|NsFvC_FnCuAn@	BBBBBBBBBBBBBBBBBBBBBBBBBBBB	NYC_DOT_LIC	4616318	Brooklyn	GOW N 7TH AVENUE - 9TH STREET
258	47.22	91	0	9/20/2014 19:22:59	4616220	40.6162405,-74.02612 40.61923,-74.02361 40.62362,-74.019831 40.6248406,-74.019061 40.62579,-74.01859 40.6279004,-74.017721 40.63049,-74.01676 40.63239,-74.016061 40.63336,-74.01586	oz{vFffybMuQuNmZsVsFyC}D}AeLmDeO_E{JkCaEg@	BBBBBBBBB	NYC_DOT_LIC	4616220	Brooklyn	GOW N 92ND STREET - 7TH AVENUE
259	14.91	267	0	9/20/2014 19:22:59	4616223	40.6756,-74.841 40.67643,-74.001241 40.6772405,-74.001741 40.6783605,-74.002531 40.67925,-74.00331 40.6795705,-74.00341 40.68001,-74.00332 40.6805806,-74.003031 40.6814704,-74.0026 40.68522,-74.76 40.6872004,-73.999811 40.6892206,-73.99885 40.68972,-73.99	omgwFfhtbMeDnAaDbB_F|CqDzC_ARwAQqBy@qDuAmVoJkK}DsK_EcBc@yBAuBb@yBt@	BBBBBBBBBBBBBBBB	NYC_DOT_LIC	4616223	Brooklyn	GOW N 9TH STREET - ATLANTIC AVENUE
261	44.12	97	0	9/20/2014 19:22:59	4616226	40.61632,-74.0263 40.61928,-74.02375 40.6237206,-74.019951 40.6248,-74.01925 40.62583,-74.018741 40.6279506,-74.017891 40.63065,-74.01698 40.63237,-74.016321 40.6332305,-74.016151	_{{vFjgybMoQ}NwZwVwEkCmEeBgLiD{OuDwIcCkDa@	BBBBBBBBB	NYC_DOT_LIC	4616226	Brooklyn	GOW S 7TH AVENUE - 92ND STREET
262	31.69	396	0	9/20/2014 19:23:00	4616319	40.6332305,-74.016151 40.63391,-74.01613 40.6343505,-74.016241 40.63485,-74.016501 40.63533,-74.01694 40.63622,-74.01827 40.6375704,-74.02046 40.63803,-74.021071 40.6385,-74.02146 40.63908,-74.02173 40.63967,-74.02185 40.64036,-74.02172 40.64103,-74.02143	ud_wF|gwbMgCCwATcBr@_BvAqDhGmGtL{AxB}AlAsBt@uBViCYeCy@wBqAkCeCeOcP_WgXm~@aaAmb@yc@cBuAwCqAmCUoDPuFdBsX`OwFlCaFzC{BvA	BBBBBBBBBBBBBBBBBBBBBBBBBBBB	NYC_DOT_LIC	4616319	Brooklyn	GOW S 9TH STREET - 7TH AVENUE
263	44.74	47	0	9/20/2014 19:22:03	4763657	40.60846,-74.03933 40.6107805,-74.03207 40.6111,-74.03154 40.6115804,-74.031051 40.6127904,-74.030031 40.6137105,-74.02903 40.614411,-74.028201 40.6163504,-74.02639	{izvFxx{bMoMkl@_AiB_BaBqFkEwDgEkCeDcKiJ	BBBBBBBB	Verrazano-Narrows-Bridge	4763657	Brooklyn	GOW S VNB W 92ND STREET - BKLYN GANTRY LOWER LEVEL
264	31.69	67	0	9/20/2014 19:22:03	4763655	40.6083804,-74.039301 40.6107105,-74.03202 40.6110506,-74.03144 40.611501,-74.03094 40.61272,-74.02992 40.6134404,-74.02892 40.6142306,-74.02803 40.6163106,-74.02624	kizvFrx{bMqMol@cAsByAcBsFkEoCgE}CqD_LeJ	BBBBBBBB	Verrazano-Narrows-Bridge	4763655	Brooklyn	GOW S VNB W 92ND STREET - BKLYN GANTRY UPPER LEVEL
265	47.22	157	0	9/20/2014 19:19:32	4620298	40.8462505,-73.932161 40.846951,-73.933641 40.8484204,-73.937041 40.8490306,-73.93994 40.8493804,-73.94181 40.8499005,-73.944651 40.8509,-73.950381 40.85139,-73.95283 40.85186,-73.95525 40.852771,-73.95957 40.85302,-73.96052 40.8531905,-73.96133 40.853280	axhxF~zfbMkCfHeHfTyBbQeAtJgBvPgExb@aBhN}AbNuD~Yq@|Da@`DQpCY|F	BBBBBBBBBBBBBB	PA-GWBridge	4620298	Manhattan	GWB E LOWER LEVEL PLAZA - CBE E LOWER LEVEL AMSTERDAM AVE
295	65.87	68	0	9/20/2014 19:22:59	4616250	40.84064,-73.83831 40.83881,-73.83853 40.8346304,-73.83839 40.83261,-73.83804 40.83066,-73.837521 40.8280704,-73.83668 40.82495,-73.836211	_ugxFlptaMlJj@bY[rKeAdKgBdOgDnR}A	BBBBBBB	NYC_DOT_LIC	4616250	Bronx	HRP N LAFAYETTE AVENUE - E TREMONT AVENUE
298	13.05	187	0	9/20/2014 19:22:03	4456498	40.8251205,-73.83637 40.82442,-73.83629 40.82285,-73.836221 40.8214506,-73.836211 40.8189206,-73.83636 40.81526,-73.83669 40.81479,-73.83668	_tdxFhdtaMjCOxHMvGAxN\zU`A|AA	BBBBBBB	NYC_DOT_LIC	4456498	Bronx	HRP S Lafayette Ave - BWB S Toll Plaza
311	29.83	162	0	9/20/2014 19:21:26	4362342	40.72966,-73.87775 40.730165,-73.87643 40.7304,-73.87567 40.73241,-73.86913001 40.734285,-73.86321001 40.735045,-73.86054 40.73563,-73.85867 40.736584,-73.85531 40.736944,-73.85327001 40.737285,-73.85184001 	k_rwF|f|aMcBgGo@wCqK{g@uJ_d@wCuOuBuJ}D_TgAwKcA}G	BBBBBBBBBB	NYC_DOT_LIC	4362342	Queens	LIE E 84TH ST - 108TH ST
313	42.25	359	0	9/20/2014 19:23:00	4616365	40.74138001,-73.95405001  40.74127,-73.95222001  40.74159,-73.95025001  40.74159,-73.94962001  40.741155,-73.9471  40.7406,-73.94461  40.73986,-73.94275  40.73857,-73.93979  40.73819,-73.93865001  40.73796,-73.93762001  40.737646,-73.93531  40.736526,-73.	shtwFxckbMTmJ_AiK?}BvAwNlBsNrCqJ`GoQjAcFl@mE~@oM~Eqe@xBgSl@eD|@mDbBiEbByCjIoLjB_DbAgC`AsDbAgFnBqKdCwO~@kEbBwErHiN~AmDz@_CdAsDbAqGz@sOxAe\ZwJCwF]eEc@qCaAyDkB{EiEkIk@_BgAoE}@kIw@gS]_Em@kD{ByI	BBBBBBBBBBBBBBBBBBBBBBBBBBBBBBBBBBBBBBBBBBBBBBB	NYC_DOT_LIC	4616365	Queens	LIE E QMT TOLL PLAZA - 84TH ST
315	24.85	200	0	9/20/2014 19:23:00	4616364	40.73744001,-73.85188001  40.737015,-73.85373001  40.73673,-73.85543001  40.736526,-73.85631001  40.735335,-73.86033  40.73384,-73.86514001  40.732064,-73.87065001  40.731755,-73.87178  40.730294,-73.87656001  40.72977,-73.87796 	_pswFfewaMtApJv@rIh@nDlFbXhH`]bJla@|@`FbHz\fBvG	BBBBBBBBBB	NYC_DOT_LIC	4616364	Queens	LIE W 108TH ST - 84TH ST
316	24.23	637	0	9/20/2014 19:22:03	4456516	40.729785,-73.87792  40.72912,-73.87959001  40.728865,-73.88051  40.72867,-73.88221  40.72854,-73.88403001  40.7284,-73.88519001  40.72815001,-73.88641001  40.727815,-73.88738001  40.72762,-73.88781  40.72663,-73.88941001  40.726045,-73.89061001  40.72561	c`rwF~g|aMbClIr@vDd@rIXjJZfFp@rFbA`Ed@rAdE`ItBnFtA|Ff@~EJhCAnDoCrq@YjEcA`GsA`FcB~DsIdPmBnFmAfGsAfJoFfYkB~EeMlQoA~BgAfCu@|BaA`EuEh_@{AtQcAtIaAnN[dCgAfFqJfZcAdE}ArMoA~KIrABjDT~EHzM	BBBBBBBBBBBBBBBBBBBBBBBBBBBBBBBBBBBBBBBBBBBBB	NYC_DOT_LIC	4456516	Queens	LIE W 84TH ST - QMT TOLL PLAZA
318	3.73	846	0	9/20/2014 19:20:25	4362249	40.7442206,-73.771661 40.7454306,-73.76907 40.745701,-73.76831 40.7465005,-73.7654 40.7476404,-73.76128 40.7480905,-73.76008 40.7488704,-73.75842 40.7492,-73.757551 40.74947,-73.75658 40.75032,-73.75319 40.7506906,-73.75108 40.7508404,-73.75023 40.75104,-	kztwFzogaMqFeOu@wC_DeQcFwXyAoF{CkIaAmDu@aEiDeTiAeL]iDg@mEqA{E_B_EeCgEgGsKiLmScIkNoH}N}AeEaAaEqC_KqAuDaCsE_EgHqByEaBiGw@kDi@wE	BBBBBBBBBBBBBBBBBBBBBBBBBBBBBB	NYC-DOT-Region 10	4362249	Queens	LIE WB LITTLE NECK PKWY - NB CIP
319	21.13	450	0	9/20/2014 19:20:25	4362251	40.7537504,-73.744391 40.75605,-73.740851 40.7576705,-73.738391 40.7591904,-73.735841 40.7596604,-73.734851 40.75999,-73.73388 40.7607206,-73.73196 40.76113,-73.731051 40.76178,-73.72999 40.76274,-73.72851 40.7633104,-73.727421 40.7638,-73.72609 40.76408,	}uvwFlebaMkMcUcIkNoH}N}AeEaAaEqC_KqAuDaCsE_EgHqByEaBiGw@kDi@wE	BBBBBBBBBBBBBB	NYC-DOT-Region 10	4362251	Queens	LIE WB LITTLE NECK PKWY - NB CVE
324	22.99	235	0	9/20/2014 19:19:32	4329473	40.7578106,-73.996801 40.7604506,-74.003221 40.762021,-74.00705 40.76621,-74.01712	iowwF~nsbMoObg@yH|VeY|}@	BBBB	PA -Lincoln Tunnel	4329473	Manhattan	LINCOLN TUNNEL E CENTER TUBE NJ - NY
325	18.02	294	0	9/20/2014 19:19:32	4329472	40.75829,-73.997531 40.7605,-74.0032 40.7620605,-74.007021 40.7662905,-74.01706	irwwFpssbMyLlb@wHzVmYv}@	BBBB	PA -Lincoln Tunnel	4329472	Manhattan	LINCOLN TUNNEL E SOUTH TUBE - NJ - NY
329	19.88	279	0	9/20/2014 19:19:32	4329508	40.75766,-73.99687 40.7604,-74.00328 40.76197,-74.0071 40.76615,-74.01717	knwwFlosbMcP`g@yHzVcY|}@	BBBB	PA -Lincoln Tunnel	4329508	Manhattan	LINCOLN TUNNEL W CENTER TUBE NY - NJ
330	22.99	219	0	9/20/2014 19:19:32	4329507	40.75719,-73.99724 40.76017,-74.00382 40.76185,-74.00725 40.76608,-74.01726	mkwwFvqsbMsQbh@oIlTmYp}@	BBBB	PA -Lincoln Tunnel	4329507	Manhattan	LINCOLN TUNNEL W NORTH TUBE NY - NJ
331	52.2	151	0	9/20/2014 19:23:00	4616353	40.68331006,-73.72663 40.68361,-73.72646 40.68417,-73.726 40.68465005,-73.72547 40.68503005,-73.72495 40.68503005,-73.72495 40.68523004,-73.72472 40.6857301,-73.72444 40.68613006,-73.7243301 40.68663,-73.7244 40.68687006,-73.7245201 40.68726,-73.72485 40.	u}hwFlv~`M{@a@oB{A_BiBkAgB??g@m@cBw@oAUcBLo@VmA`AoEtEcBfAoBj@U???wI\gD?_b@z@m`AjAyERaC\{DfAoDxA	BBBBBBBBBBBBBBBBBBBBBBBBB	NYC_DOT_LIC	4616353	Queens	Laurelton Pkwy N @ SSP - CIP N Hempstead Tpk
332	27.96	321	0	9/20/2014 19:23:00	4616354	40.683644,-73.72667001  40.68314,-73.72692  40.681365,-73.72806  40.678944,-73.72983  40.678236,-73.73047001  40.67642,-73.73234001  40.67526,-73.7334  40.673794,-73.73464001  40.672886,-73.73533  40.668966,-73.73805  40.668534,-73.73831  40.66749,-73.739	w_iwFtv~`MbBp@bJbFbN`JlC~BhJtJfFrEdHvFtDhCnW~OtAp@nE~CfB`BjBvBlCxGXlALrB}@xXCby@KpDyBva@	BBBBBBBBBBBBBBBBBBBBB	NYC_DOT_LIC	4616354	Queens	Laurelton Pkwy S @ SSP - Belt Pkwy W 182nd St
339	37.9	234	0	3/21/2014 15:23:00	4575278	40.8859405,-73.89649 40.8868104,-73.895261 40.8873505,-73.894291 40.888051,-73.89264 40.888431,-73.89134 40.88893,-73.889351 40.88931,-73.888321 40.889751,-73.88749 40.8901904,-73.88682 40.8907305,-73.886181 40.89128,-73.88554 40.89218,-73.88467 40.89656,	cppxF`|_bMmDuFkBaEkCiIkAcGcBmKkAmEwAeDwAeCkB_CmB_CsDmDkZgY{EcCuDwA}GmAmEWs`@uDgP}AsEyA_CaBuBsBuCkD	BBBBBBBBBBBBBBBBBBBBBBB	NYC Thruway Tarrytown	4575278	Bronx	MDE N VAN CORTLAND PARK - NYST N EXIT 1 (MP.48)
344	19.26	227	0	9/20/2014 19:21:34	4620330	40.85513,-73.91865 40.8526305,-73.920881 40.85,-73.923291 40.84653,-73.92628 40.84525,-73.92703 40.84454,-73.927421 40.8442606,-73.927411 40.844,-73.927191 40.84387,-73.92681 40.84396,-73.92623 40.84438,-73.92534 40.8449,-73.92503 40.84539,-73.92532 40.84	qojxFpfdbMrN|LlO`NtTtQ~FtClClAv@Ar@k@XkAQsBsAqDgB}@aBx@k@bCZnC	BBBBBBBBBBBBBBB	NYC_DOT_LIC	4620330	Bronx	MDE S HARLEM RIVER PARK - GWB W AMSTERDAM AVENUE LOWER LEVEL
345	21.13	201	0	9/20/2014 19:19:32	4620314	40.85526,-73.918591 40.85266,-73.92085 40.85004,-73.92327 40.8473705,-73.92541 40.84608,-73.926381 40.84534,-73.926841 40.8449504,-73.926961 40.84467,-73.92685 40.84454,-73.92668 40.8443705,-73.9264 40.84429,-73.92605 40.8443506,-73.92568 40.844511,-73.92	kpjxFdfdbMfObMjObNtOjL`G`ErCzAlAVv@UXa@`@w@NeAKiA_@s@o@]UC	BBBBBBBBBBBBBBB	NYC_DOT_LIC	4620314	Bronx	MDE S HARLEM RIVER PARK - GWB W AMSTERDAM AVENUE UPPER LEVEL
347	34.18	213	0	9/20/2014 19:22:03	4456477	40.77223,-73.919941 40.77367,-73.92198 40.7744206,-73.92278 40.77714,-73.924911 40.781071,-73.92788 40.78311,-73.929421 40.7837106,-73.929871 40.7842205,-73.93008 40.78477,-73.93017 40.78549,-73.93011 40.78604,-73.92991 40.78665,-73.92953 40.78972,-73.926	mizwFrndbM_HvKuC~C_PhLqWpQwKrHwBxAeBh@mBPoCKmBg@yBkAeRwOgFqDqGwFmDgDwE{DiJyHqDkCsGmE{DsCwCmByGoE}AcAmAo@	BBBBBBBBBBBBBBBBBBBBBBBBB	MTA Bridges & Tunnels	4456477	Queens	MDE S TBB EXIT RAMP - QUEENS ANCHORAGE
349	9.94	333	0	8/7/2014 13:44:39	4329499	40.6309004,-74.14569 40.63259,-74.145531 40.6343505,-74.145131 40.6352905,-74.144911 40.6395205,-74.143161 40.64452,-74.141111 40.64672,-74.140171 40.6474905,-74.13978 40.65243,-74.136261 40.6532706,-74.13549 40.65375,-74.13476 40.654011,-74.134041 40.654	cv~vFpqpcMqI_@_JoA{Dk@mY}Ig^yKwL{DyCmA{]_UgDyC_BqCs@oCUuBGkCDqDf@wYSgI]sDsAgIaByGcFuM	BBBBBBBBBBBBBBBBBBBBB	NYC_DOT_LIC	4329499	Staten Island	MLK N WALKER STREET - NJ ROUTE 169
350	34.8	238	0	9/20/2014 19:22:59	4616196	40.63092,-74.14592 40.62975,-74.14593 40.62877,-74.14579 40.6279506,-74.145671 40.62713,-74.145681 40.62637,-74.14586 40.6254205,-74.14618 40.6247506,-74.146381 40.6241006,-74.146661 40.6234004,-74.14704 40.6226006,-74.147501 40.6217506,-74.148181 40.6208	gv~vF~rpcMhF@bE[bDWbD@vCb@|D~@dCf@`Cv@jCjA~CzAhDfCrDjDfJ~IhDhDxB~AlDlBdEdArDp@jC|BjGvEtBjArCC|BmAtA_Cj@gDXgI^mCnBkD`AiC	BBBBBBBBBBBBBBBBBBBBBBBBBBBBBB	NYC_DOT_LIC	4616196	Staten Island	MLK S - SIE E WALKER STREET - WOOLEY AVENUE
351	49.09	109	0	9/20/2014 19:22:59	4616210	40.63092,-74.14592 40.62975,-74.14593 40.62877,-74.14579 40.6279506,-74.145671 40.62713,-74.145681 40.62637,-74.14586 40.6254205,-74.14618 40.6247506,-74.146381 40.6241006,-74.146661 40.6234004,-74.14704 40.6226006,-74.147501 40.6217506,-74.148181 40.6208	gv~vF~rpcMhF@bE[bDWbD@vCb@|D~@dCf@`Cv@jCjA~CzAhDfCrDjDfJ~IhDhDxB~AlDlBdEdArDp@jC|Bt@zBCjDeB~DgAzA	BBBBBBBBBBBBBBBBBBBBBBBB	NYC_DOT_LIC	4616210	Staten Island	MLK S - SIE W WALKER STREET - RICHMOND AVENUE
364	26.72	150	0	9/20/2014 19:22:03	4456511	40.745726,-73.97359 40.745616,-73.97305 40.745616,-73.97264001 40.746054,-73.96949001 40.74586,-73.96844 40.745365,-73.96643 40.74304,-73.96157001 40.74244,-73.95983001 40.742185,-73.95887 40.74143,-73.95491001 40.74136,-73.95378001	wcuwF|}nbMTkB?qAwAuRd@qEbBqKnMk]vB{Ir@_EtCwWLaF	BBBBBBBBBBB	NYC_DOT_LIC	4456511	Manhattan	QMT E Manhattan Side - Toll Plaza
365	19.88	199	0	9/20/2014 19:22:03	4456510	40.741534,-73.95406001  40.7415,-73.95491001  40.742526,-73.95976  40.743125,-73.96152001  40.745436,-73.96631001  40.746234,-73.96946001  40.745835,-73.97259001  40.74598,-73.97347  40.746704,-73.97515 	qitwFzckbMDhDkEh]wB~ImM|\_DtRnApR]nDoCnI	BBBBBBBBB	NYC_DOT_LIC	4456510	Queens	QMT W Toll Plaza - Manhattan Side
369	36.04	108	0	9/20/2014 19:22:59	4616282	40.65632,-74.11972 40.655041,-74.12241 40.6544106,-74.124361 40.6541206,-74.125881 40.654011,-74.127141 40.65429,-74.13302 40.6542505,-74.133981 40.65404,-74.134611 40.6535805,-74.135461 40.6533,-74.135771 40.64786,-74.13964 40.64705,-74.140071 40.6444705	_ucwFfokcM~FxO|BdKx@nHTzFw@vc@F~Dh@|BzAhDv@|@~`@dW`DtAbObFv]rKpUhHfFvAtMtBfH`@	BBBBBBBBBBBBBBBBBB	NYC_DOT_LIC	4616282	Staten Island	ROUTE 169 S - MLK WALKER STREET
375	37.9	144	0	9/20/2014 19:22:59	4616193	40.61052,-74.09769 40.6101,-74.10893 40.61028,-74.1105 40.61097,-74.113 40.6110705,-74.115671 40.61079,-74.11726 40.60938,-74.12241 40.6084306,-74.127401 40.60804,-74.13212	wvzvFpegcMrAfeAc@vHiCtNSrOv@|HxGf_@|Db^lAp\	BBBBBBBBB	NYC_DOT_LIC	4616193	Staten Island	SIE E BRADLEY AVENUE - CLOVE ROAD
376	24.23	177	0	6/27/2014 14:06:42	4616192	40.61052,-74.09769 40.610561,-74.09586 40.6102405,-74.093881 40.60983,-74.09251 40.60698,-74.08574 40.6065004,-74.083851 40.60616,-74.081781 40.60596,-74.076011 40.6054704,-74.073421 40.60389,-74.06922	wvzvFnegcMGmJ~@kKpAoGxPki@~AyJbA}Kf@ac@`BeOzHgY	BBBBBBBBBB	NYC_DOT_LIC	4616192	Staten Island	SIE E CLOVE ROAD - FINGERBOARD ROAD
377	16.78	223	0	9/20/2014 19:22:59	4616195	40.61486,-74.15738 40.60931,-74.15012 40.60846,-74.14847 40.6079,-74.146831 40.60764,-74.14555 40.6074906,-74.14404 40.60757,-74.1409	{q{vFrzrcMta@kl@hDiInBiIr@}F\mHOsR	BBBBBBB	NYC_DOT_LIC	4616195	Staten Island	SIE E RICHMOND AVENUE - WOOLEY AVENUE
378	16.78	151	0	9/20/2014 19:22:59	4616197	40.6210105,-74.168861 40.6207604,-74.168 40.6182105,-74.162381 40.6154,-74.15806 40.6149404,-74.15748	ix|vFjbucMp@kD|Ncb@pP_ZzAsB	BBBBB	NYC_DOT_LIC	4616197	Staten Island	SIE E SOUTH AVENUE - RICHMOND AVENUE
379	49.09	52	0	9/20/2014 19:22:03	4763650	40.60408,-74.052241 40.6036605,-74.05356 40.6033506,-74.05459 40.6029905,-74.055641 40.60213,-74.058271 40.60186,-74.05915 40.601741,-74.060121 40.60172,-74.06095 40.60179,-74.06175 40.6018506,-74.062621 40.60201,-74.063791 40.6021804,-74.06444 40.6039305	onyvFni~bMrAfG|@lEfApEjDlOt@nDV`EBdDM~CKlD_@hFa@`C}Il\	BBBBBBBBBBBBB	NYC_DOT_LIC	4763650	Staten Island	SIE E VNB E FINGERBOARD ROAD - SI GANTRY LOWER LEVEL
380	49.09	52	0	9/20/2014 19:22:03	4763648	40.60399,-74.05225 40.6035506,-74.05359 40.60322,-74.05463 40.60289,-74.05566 40.6019605,-74.058451 40.6017,-74.05925 40.60157,-74.06018 40.6015304,-74.061371 40.60161,-74.062181 40.601741,-74.06277 40.6019406,-74.06386 40.6021,-74.06449 40.6037505,-74.06	}myvFpi~bMvAjG`AnE`AlExDlPr@~CXxDFlFO`DYtBg@xE_@|BiIr\	BBBBBBBBBBBBB	NYC_DOT_LIC	4763648	Staten Island	SIE E VNB E FINGERBOARD ROAD - SI GANTRY UPPER LEVEL
381	37.9	70	0	9/20/2014 19:22:59	4616194	40.608031,-74.13212 40.60759,-74.1409	egzvFt|mcMvA|u@	BB	NYC_DOT_LIC	4616194	Staten Island	SIE E WOOLEY AVENUE - BRADLEY AVENUE
382	34.8	202	0	9/20/2014 19:22:59	4616216	40.63089,-74.14569 40.6298,-74.14569 40.62883,-74.14556 40.62805,-74.145451 40.6272105,-74.14546 40.62642,-74.1456 40.6255106,-74.14595 40.6247904,-74.14614 40.6241404,-74.146441 40.6234004,-74.146791 40.6226205,-74.14725 40.6217004,-74.147961 40.61916,-7	av~vFpqpcMxE?`EYzCUfD@|CZtDdAnCd@`Cz@rCdAzCzAvDlCzNlNfEfEbChBhD~AjJnBnVzDtA]|@cBD_Bq@qAaBD	BBBBBBBBBBBBBBBBBBBBBBB	NYC_DOT_LIC	4616216	Staten Island	SIE E-MLK N RICHMOND AVENUE - WALKER STREET
383	45.98	161	0	9/20/2014 19:22:59	4616217	40.6167105,-74.15242 40.61572,-74.15276 40.6148106,-74.152971 40.6140506,-74.15282 40.61301,-74.15227 40.61034,-74.150871 40.6096,-74.150101	m}{vFr{qcMdEbAtDh@vC]nEmBtOwGrCyC	BBBBBBB	NYC_DOT_LIC	4616217	Staten Island	SIE W - MLK N WOOLEY AVENUE - WLAKER STREET
384	54.06	124	0	9/20/2014 19:22:59	4616199	40.60213,-74.187981 40.60504,-74.185 40.60687,-74.183601 40.6098,-74.181981 40.6157705,-74.17837 40.61719,-74.177821 40.61921,-74.177141 40.620791,-74.175571 40.62154,-74.174191 40.6218804,-74.17309 40.6220405,-74.17158 40.62189,-74.17091 40.6211906,-74.1	ibyvFzyxcMeQsQmJwGiQcIid@qU{GmBsKgC{HyHuCsGcA{E_@mH\eCjCoLaCxK	BBBBBBBBBBBBBB	NYC_DOT_LIC	4616199	Staten Island	SIE W - WSE S SOUTH AVENUE - SOUTH AVENUE
385	49.09	29	0	9/20/2014 19:22:59	4616208	40.6077805,-74.14091 40.60826,-74.132101	sezvFtsocM_Bav@	BB	NYC_DOT_LIC	4616208	Staten Island	SIE W BRADLEY AVENUE - WOOLEY AVENUE
387	44.74	111	0	9/20/2014 19:22:59	4616206	40.61072,-74.097911 40.61075,-74.09627 40.61061,-74.09465 40.61021,-74.09299 40.6096804,-74.09162 40.6084106,-74.08862 40.6072205,-74.08561 40.6067904,-74.08435 40.6064805,-74.082591 40.60636,-74.0809 40.6062606,-74.07679 40.60607,-74.07518 40.6056106,-74	_xzvF|fgcMEgIZcInAkIhBqG|FwQlFyQtA{F|@_JVqIRuXd@aIzAyKrByItDoM	BBBBBBBBBBBBBBB	NYC_DOT_LIC	4616206	Staten Island	SIE W FINGERBOARD ROAD - CLOVE ROAD
388	47.85	59	0	9/20/2014 19:22:59	4616211	40.6151706,-74.15738 40.61739,-74.16056 40.6205405,-74.16683 40.6209604,-74.16791 40.6210504,-74.168191 40.6211906,-74.16874	ys{vFrzrcM{LzRuRdf@sAvEQv@[lB	BBBBBB	NYC_DOT_LIC	4616211	Staten Island	SIE W RICHMOND AVENUE - SOUTH AVENUE
389	52.2	204	0	9/20/2014 19:19:32	4329480	40.6211706,-74.16874 40.6213905,-74.16988 40.62163,-74.171911 40.6219705,-74.173431 40.6222604,-74.17418 40.6235,-74.175451 40.6257105,-74.17843 40.62641,-74.1794 40.62711,-74.18058 40.62834,-74.182701 40.6297206,-74.18544 40.63696,-74.199131	iy|vFraucMk@bFo@tKcAnHy@tCsC|F}OrQkC`EkCjFuFfLsGbPgl@ptA	BBBBBBBBBBBB	NYC_DOT_LIC	4329480	Staten Island	SIE W SOUTH AVENUE - 278 W BRUNSWICK AVENUE
390	60.27	66	0	9/20/2014 19:22:59	4616209	40.6152105,-74.157401 40.61231,-74.15362 40.60952,-74.149961 40.60882,-74.14878 40.6083206,-74.147561 40.6078705,-74.14574 40.60772,-74.14416 40.6077805,-74.14091	at{vFvzrcMbQsVlP{UjCkFbBsFxAkJ\{HKiS	BBBBBBBB	NYC_DOT_LIC	4616209	Staten Island	SIE W WOOLEY AVENUE - RICHMOND AVENUE
394	42.87	167	0	9/20/2014 19:22:59	4616225	40.7723304,-73.91979 40.77384,-73.92192 40.77445,-73.922581 40.7754706,-73.923431 40.7784005,-73.92561 40.7810604,-73.927591 40.7836405,-73.929571 40.7843,-73.92986 40.7851,-73.929921 40.7858105,-73.929781 40.78627,-73.92955 40.78674,-73.92923 40.7879605,	ajzwFtmdbMmHhLyBbCkEhDiQrLsOjKcOjKcCx@_DJmC[{Am@}A_AsFyEsJkIgPkM{BiBuDiDkFiF{DsCuDaCqC_BqEuDeUwOcAkA	BBBBBBBBBBBBBBBBBBBBBBBB	NYC_DOT_LIC	4616225	Queens	TBB N QUEENS ANCHORAGE - BE N
395	29.83	266	0	9/20/2014 19:22:03	4456476	40.7723,-73.91983 40.7738304,-73.92197 40.77443,-73.92261 40.77546,-73.92346 40.7783806,-73.925631 40.78103,-73.927631 40.78363,-73.929611 40.784271,-73.92989 40.7851,-73.929971 40.7858105,-73.929841 40.78629,-73.929601 40.786801,-73.92923 40.78799,-73.92	{izwF|mdbMqHjLwB~BmEhDgQpLqOnKgOjK_Cv@eDNmCY_Bo@eBiAmFsEyJkIcPmM_D}DcAkAiG}HsBwB{CqDcAg@_AFi@Ve@|@]hBMjBs@zD_AnDgD`KcDhKeEpMs@vAqAlB{AnE	BBBBBBBBBBBBBBBBBBBBBBBBBBBBBBBBBB	MTA Bridges & Tunnels	4456476	Queens	TBB N QUEENS ANCHORAGE - MANHATTAN LIFT SPAN
398	37.9	190	0	9/20/2014 19:22:03	4456481	40.77223,-73.919941 40.77367,-73.92198 40.7744206,-73.92278 40.77714,-73.924911 40.781071,-73.92788 40.78311,-73.929421 40.7837106,-73.929871 40.7842205,-73.93008 40.78477,-73.93017 40.78549,-73.93011 40.78604,-73.92991 40.78665,-73.92953 40.78972,-73.926	mizwFrndbM_HvKuC~C_PhLqWpQwKrHwBxAeBh@mBPoCKmBg@yBkAeRwOgFqDqGwFuDsCcAaAkOgJaBc@{Bn@w@~@u@hAi@pAiFvMoCnHqD~Kk@xCYtCmA|D	BBBBBBBBBBBBBBBBBBBBBBBBBBBBB	MTA Bridges & Tunnels	4456481	Queens	TBB S MANHATTAN LIFT SPAN - QUEENS ANCHORAGE
399	29.83	76	0	9/20/2014 19:22:03	4456452	40.8011005,-73.92846 40.80151,-73.93066 40.8014,-73.93111 40.8012304,-73.93129 40.80096,-73.93141 40.8007405,-73.93133 40.800501,-73.93106 40.80026,-73.93057 40.81,-73.93002 40.7997606,-73.92972 40.7994205,-73.929511 40.79901,-73.92945 40.79771,-73.929341	{}_xFzcfbMqAvLTxA`@b@t@Vj@On@u@n@aBp@mBp@{@bAi@pAKbGUjCErBTvBf@dB|@rAdAf@v@tAnC	BBBBBBBBBBBBBBBBBBBB	MTA Bridges & Tunnels	4456452	Manhattan	TBB W - FDR S MANHATTAN TRUSS - E116TH STREET
402	44.74	151	0	9/20/2014 19:22:03	4456505	40.797815,-73.79321 40.80218,-73.79324001 40.807614,-73.79345 40.809816,-73.79345 40.811155,-73.79365 40.81224,-73.79403 40.813344,-73.79468 40.81418,-73.79534001 40.814734,-73.79586 40.81535,-73.79655001 40.816125,-73.79772001 40.81662,-73.79872 40.81722	ii_xFnvkaMiZF}`@h@wL?kGf@yEjA{E`CgDbCmBfB{BhCyChFcBfEwBlH_AnG{@bK	BBBBBBBBBBBBBBB	NYC_DOT_LIC	4456505	Queens	TNB N Queens Anchorage - Toll Plaza
405	49.09	55	0	9/20/2014 19:20:25	4362314	40.79782,-73.79339 40.793425,-73.79344 40.792794,-73.79337001 40.792,-73.79318 40.79086,-73.79276 40.79086,-73.79276 40.7901,-73.79252001 40.788326,-73.79229001 40.788055,-73.79212001 40.78792001,-73.79197 40.78779,-73.79155 40.78775,-73.79135001 40.78776	ki_xFtwkaMnZH|BM|Ce@bFsA??vCo@bJm@t@a@X]XsAFg@Aq@OgAkFgPw@wI	BBBBBBBBBBBBBBBB	NYC_DOT_LIC	4362314	Queens	TNB S Qns Anchorage - CIP S @ TNB
406	26.1	265	0	9/20/2014 19:22:03	4456506	40.81763,-73.80362001 40.817516,-73.80261 40.817226,-73.80083 40.81692,-73.79984 40.81633,-73.79839001 40.815835,-73.79751 40.815185,-73.79659001 40.81439,-73.79573 40.81353,-73.79503001 40.81242,-73.79433 40.81186,-73.79407 40.81112,-73.79382001 40.81,-7	eecxFrwmaMViEx@cJz@eEtBaHbBoD`CwD|CkDjDkC|EkCnBs@rCq@~Eg@fy@m@|P?	BBBBBBBBBBBBBBB	NYC_DOT_LIC	4456506	Queens	TNB S Toll Plaza - Queens Anchorage
410	55.3	84	0	9/20/2014 19:22:03	4763656	40.6039704,-74.052281 40.604651,-74.05021 40.60737,-74.04182 40.60795,-74.039971 40.608211,-74.03919	ymyvFvi~bMgC}K_Pms@sBqJs@{C	BBBBB	Verrazano-Narrows-Bridge	4763656	Brooklyn	VNB E SI GANTRY LOWER LEVEL - BROOLKYN GANTRY LOWER LEVEL
411	49.09	95	0	9/20/2014 19:22:03	4763652	40.6040405,-74.052321 40.6047,-74.050301 40.60743,-74.041851 40.608031,-74.03998 40.6082705,-74.039211	gnyvF~i~bMcCsKaPys@wBuJo@yC	BBBBB	Verrazano-Narrows-Bridge	4763652	Brooklyn	VNB E SI GANTRY UPPER LEVEL - BROOKLYN GANTRY UPPER LEVEL
412	44.74	47	0	9/20/2014 19:22:59	4616218	40.60817,-74.039261 40.610091,-74.03337 40.61059,-74.03176 40.61121,-74.03028 40.61171,-74.0296 40.6129704,-74.028641 40.6139,-74.027831 40.6162006,-74.02602	ahzvFjx{bM_Kyc@cBaI{BgHcBgC{F_EyDaDkMiJ	BBBBBBBB	NYC_DOT_LIC	4616218	Brooklyn	VNB E-GOWANUS N BROOKLYN GANTRY LOWER LEVEL - 92ND STREET
413	45.98	46	0	9/20/2014 19:22:59	4616219	40.6082705,-74.039261 40.610181,-74.03336 40.6106706,-74.031781 40.61137,-74.030251 40.61178,-74.02968 40.61307,-74.028731 40.61404,-74.028011 40.6162405,-74.02615	uhzvFjx{bM}J{c@aB{HkCqHqAqBaG}DaEoCwLsJ	BBBBBBBB	NYC_DOT_LIC	4616219	Brooklyn	VNB E-GOWANUS N BROOKLYN GANTRY UPPER LEVEL - 92ND STREET
416	50.95	91	0	9/20/2014 19:22:03	4763651	40.60425,-74.052331 40.6048705,-74.05037 40.6076204,-74.041901 40.6082306,-74.04004 40.6083206,-74.03977 40.60846,-74.03933	qoyvF`j~bM{BgKeP}s@yBsJQu@[wA	BBBBBB	Verrazano-Narrows-Bridge	4763651	Brooklyn	VNB W BROOKLYN GANTRY LOWER LEVEL - SI GANTRY LOWER LEVEL
417	37.28	125	0	9/20/2014 19:22:03	4763649	40.60414,-74.052411 40.60479,-74.050351 40.6075304,-74.041891 40.6081,-74.040011 40.6083804,-74.03924	{nyvFpj~bMaC{KcP{s@qBwJw@yC	BBBBB	Verrazano-Narrows-Bridge	4763649	Brooklyn	VNB W BROOKLYN GANTRY UPPER LEVEL - SI GANTRY UPPER LEVEL
418	44.74	67	0	9/20/2014 19:22:59	4616205	40.60425,-74.052321 40.6038804,-74.053491 40.6035506,-74.05455 40.6032,-74.05562 40.6023804,-74.05813 40.60213,-74.059001 40.6020306,-74.05992 40.6020904,-74.06082 40.6022704,-74.061781 40.6025006,-74.06292 40.6027906,-74.064231 40.60296,-74.065301 40.604	qoyvF~i~bMhAhF`ArEdAtEbDtNp@lDRvDKrDc@~Dm@bFy@dGa@tEoFrV	BBBBBBBBBBBBB	NYC_DOT_LIC	4616205	Staten Island	VNB W-SIE W SI GANTRY LOWER LEVEL - FINGERBOARD ROAD
419	44.12	83	0	9/20/2014 19:22:59	4616204	40.604181,-74.0523 40.60376,-74.05356 40.6034406,-74.05459 40.6030806,-74.055681 40.60224,-74.058241 40.60199,-74.059121 40.6018705,-74.060121 40.60193,-74.060961 40.60208,-74.06202 40.60233,-74.0631 40.60266,-74.064411 40.6029005,-74.06534 40.60407,-74.0	coyvFzi~bMrAzF~@lEfAxEfD~Np@nDVfEKfD]rEq@vEaAdGo@xDiFvV	BBBBBBBBBBBBB	NYC_DOT_LIC	4616204	Staten island	VNB W-SIE W SI GANTRY UPPER LEVEL - FINGERBOARD ROAD
422	22.99	391	0	9/20/2014 19:22:59	4616298	40.7278806,-73.832761 40.7270705,-73.83231 40.7265105,-73.831911 40.72603,-73.8314 40.724771,-73.829501 40.72428,-73.82886 40.72379,-73.828341 40.72326,-73.827851 40.7224605,-73.82729 40.721951,-73.82696 40.7215205,-73.826681 40.7209605,-73.826371 40.7204	gtqwFvmsaM`DyAnBoA~AeBzF{J`B_C`BgBhBaB~CoBdBaAtAw@nB}@|Ac@pAOx@Ez@AfCNj@Bh@LhDRtAExAQhA[x@Y~AcAxE}DbBeAjAg@t@Ur@c@tJgLlAwAdAy@t@q@jEcDvC_B|EeCp@a@x@_@bMwFtBq@xGcC	BBBBBBBBBBBBBBBBBBBBBBBBBBBBBBBBBBBBBBBBBB	NYC_DOT_LIC	4616298	Queens	VWE N MP4.63 (Exit 6 - Jamaica Ave) - MP6.39 (Exit 11 Jewel Ave)
423	29.83	169	0	9/20/2014 17:36:00	4616299	40.7624804,-73.839391 40.76191,-73.839121 40.76153,-73.83892 40.76122,-73.83879 40.7609604,-73.838721 40.76061,-73.838681 40.76024,-73.83869 40.7587705,-73.83884 40.75845,-73.838811 40.7581404,-73.838771 40.7558805,-73.838371 40.75522,-73.8382 40.75473,-7	olxwFdwtaMpBu@jAg@|@Yr@MdAGhA@dH\~@E|@GbMoAbCa@`Be@|Aq@`EaCvMeI|BqAbAa@vA_@dAMhAGjA@jAL|@N|Aj@tBhA~BlBnFnEp@^xAr@vCh@jDJ~AIdAO`GiApFgAvCc@~Qy@rC[nBi@lCeAjKmEpNcGjEkB	BBBBBBBBBBBBBBBBBBBBBBBBBBBBBBBBBBBBBBBBBBBB	NYC_DOT_LIC	4616299	Queens	VWE N MP6.39 (Exit 11 Jewel Ave) - MP8.65 (Exit 13 Northern Blvd)
424	29.83	179	0	9/20/2014 17:36:00	4616300	40.77125,-73.833351 40.77065,-73.834421 40.77006,-73.8354 40.769341,-73.83641 40.76874,-73.836931 40.7679705,-73.837601 40.7672504,-73.83798 40.7659105,-73.83889 40.76558,-73.839031 40.7650104,-73.83937 40.7646304,-73.83955 40.764281,-73.83965 40.76377,-7	iczwFlqsaMvBtEtBbEnChEvBfBxCdCnCjAjGtD`AZpBbAjAb@dARdBLnACz@MtBo@	BBBBBBBBBBBBBBBB	NYC_DOT_LIC	4616300	Queens	VWE N MP8.64 (Exit 13 Northern Blvd) - Whitestone Expwy Exit 14 (Linden Pl)
425	45.98	235	0	9/20/2014 19:22:59	4616276	40.67445,-73.80181 40.67374,-73.80154 40.6726106,-73.801301 40.6708206,-73.80123 40.66752,-73.801481 40.66479,-73.802321 40.66407,-73.802511 40.6633405,-73.80229 40.6627104,-73.80149 40.66255,-73.800541 40.6627104,-73.799771 40.6631406,-73.799051 40.66481	ifgwFhlmaMlCu@`Fo@dJMrSp@`PfDnCd@pCk@|B_D^}D_@yCuAoCmIuEsCmEs@sCc@_GYyLaAa^uDuaAKqMLyT\mJ`Dij@	BBBBBBBBBBBBBBBBBBBBBBB	NYC_DOT_LIC	4616276	Queens	VWE S MP2.66 (Exit 2 Rockaway Blvd) - Belt Pkwy E 182nd St
426	47.85	142	0	9/20/2014 19:22:59	4616272	40.7024204,-73.816481 40.700841,-73.815751 40.69726,-73.81382 40.6959105,-73.812981 40.68863,-73.808861 40.6775105,-73.803261 40.67445,-73.80181	culwF~gpaMzHqCjUaKlGgDnl@wXndA_b@bRaH	BBBBBBB	NYC_DOT_LIC	4616272	Queens	VWE S MP4.63 (Exit 6 Jamaica Ave) - MP2.66 (Exit 2 Roackaway Blvd)
427	21.75	408	0	9/20/2014 19:22:59	4616259	40.7279205,-73.83298 40.7268904,-73.83239 40.72639,-73.832001 40.7257505,-73.83126 40.724951,-73.830031 40.724301,-73.829141 40.7236905,-73.82848 40.7229,-73.827801 40.7209605,-73.826541 40.7204005,-73.82634 40.71958,-73.82621 40.718861,-73.82634 40.71746	otqwFbosaMlEuBbBmA~BsC~CuF`CqDxBcC|CgCbK{FnBg@bDYnCXvGb@lADvAA~AUhBm@zA{@vCsCzB_BtEkDzIuKxAiBnGcFbHuDpPaIlN_F	BBBBBBBBBBBBBBBBBBBBBBBBBBB	NYC_DOT_LIC	4616259	Queens	VWE S MP6.39 (Exit 11 Jewel Ave) - MP4.63 (Exit 6 Jamaica Ave)
428	52.82	98	0	9/20/2014 17:36:00	4616241	40.7626006,-73.839671 40.7613906,-73.83898 40.7610504,-73.83887 40.7605406,-73.83879 40.76001,-73.838821 40.75831,-73.83897 40.75788,-73.8389340.75562,-73.83847 40.75513,-73.83834 40.75455,-73.83811 40.7513,-73.835911 40.75041,-73.8353 40.7498406,-73.8350	gmxwF|xtaMpFiCbAUdBOhBDrI\tAGbM{A`BYrBm@hSwLpDyBpBw@|A_@jBMrCLbEjA~BdBjCvBf@XnAlAbBhAvB|@xAZdBRtABjCItKoBpGmAvTcAfCc@|EeBt`@oP	BBBBBBBBBBBBBBBBBBBBBBBBBBBBBBBBB	NYC_DOT_LIC	4616241	Queens	VWE S MP8.65 (Exit 13 Northern Blvd) - MP6.39 (Exit 11 Jewel Ave)
430	59.03	132	0	9/20/2014 19:22:59	4616213	40.5902,-74.19332 40.57748,-74.19046 40.57623,-74.190181 40.5742005,-74.1898 40.57251,-74.189821 40.57162,-74.18998 40.5703306,-74.190391 40.56777,-74.192011 40.5604,-74.19941	wwvvFf{ycMnnA{PxFw@tKkApIBpD^`GpA~NbI`m@fm@	BBBBBBBBB	NYC_DOT_LIC	4616213	Staten Island	WSE N ARDEN AVENUE - VICTORY BLVD
431	57.17	88	0	9/20/2014 19:22:59	4616214	40.56042,-74.199391 40.55924,-74.20076 40.5585105,-74.20184 40.5579004,-74.203061 40.5571906,-74.204851 40.55606,-74.20935 40.5557304,-74.210451 40.55519,-74.21191 40.554441,-74.21348 40.55369,-74.214801 40.552851,-74.216101 40.5518206,-74.217341 40.55086	s}pvFda{cMjFpGpCvExBrFlCdJ`Fb[`AzEjBbHtCxHtCfGfDbGlEvF~DlE|NvL	BBBBBBBBBBBBBB	NYC_DOT_LIC	4616214	Staten Island	WSE N BLOOMUINGDALE ROAD - ARDEN AVENUE
432	1.86	5403	0	9/20/2014 16:34:33	4329481	40.61688,-74.17731 40.6189004,-74.17604 40.6204505,-74.17537 40.6219004,-74.17519 40.623321,-74.175361 40.62406,-74.17586 40.62456,-74.17668 40.6251,-74.177771	o~{vFdwvcMsK}FuHeCaHc@{G`@sCbBcBbDkBxE	BBBBBBBB	PA - LINCOLN TUNNEL	4329481	Staten Island	WSE N SOUTH AVENUE - 278 W BRUNSWICK AVENUE
433	55.3	136	0	9/20/2014 19:22:59	4616215	40.52561,-74.23039 40.5258705,-74.22618 40.5263604,-74.22336 40.52734,-74.22338 40.5371,-74.2243 40.53931,-74.22418 40.5407805,-74.223981 40.54437,-74.22283 40.5466005,-74.22172 40.54831,-74.22059	adjvF|badMs@iYaBsPcEB_|@vDyLWeHg@mUeF}L}EuIaF	BBBBBBBBBB	NYC_DOT_LIC	4616215	Staten Island	WSE N TYRELLAN AVENUE - BLOOMINGDALE ROAD
434	57.17	54	0	9/20/2014 19:22:59	4616212	40.6020904,-74.1877 40.600331,-74.18943 40.59783,-74.19099 40.592071,-74.193131 40.5907404,-74.19333 40.5902,-74.19332	abyvFbxxcM~IxIrNvH~b@jLhGf@jBA	BBBBBB	NYC_DOT_LIC	4616212	Staten Island	WSE N VICTORY BLVD - SOUTH AVENUE
435	57.17	109	0	9/20/2014 19:22:59	4616198	40.62102,-74.168861 40.6212304,-74.16992 40.6212304,-74.170961 40.6206306,-74.173561 40.6197105,-74.175091 40.6188605,-74.17597 40.61693,-74.1773 40.60685,-74.183361 40.60437,-74.18531 40.6020904,-74.187711	kx|vFjbucMi@rE?nEvBfOvDpHhDnD`KhG~}@zd@nNdKfM~M	BBBBBBBBBB	NYC_DOT_LIC	4616198	Staten Island	WSE N-SIE E SOUTH AVENUE - SOUTH AVENUE
436	57.79	90	0	9/20/2014 19:22:59	4616202	40.56058,-74.199581 40.55926,-74.20113 40.5584906,-74.202351 40.55789,-74.20363 40.55738,-74.20496 40.5561606,-74.209741 40.5558905,-74.210551 40.55516,-74.212471 40.55443,-74.213991 40.55386,-74.215 40.5529104,-74.21635 40.55187,-74.21765 40.5509404,-74.	s~pvFjb{cMfGtHxCrFvB~FdBhGrFz\t@`DpC~JpCnHpBhE|DlGnEbGxDxDzMdL	BBBBBBBBBBBBBB	NYC_DOT_LIC	4616202	Staten Island	WSE S ARDEN AVENUE - BLOOMINGDALE ROAD
437	52.82	117	0	9/20/2014 19:22:59	4616203	40.52581,-74.23039 40.52593,-74.228371 40.52611,-74.22745 40.52653,-74.226761 40.5271204,-74.226401 40.529101,-74.22574 40.5309504,-74.22432 40.53188,-74.22409 40.536891,-74.22458 40.5388504,-74.2245 40.5418,-74.22405 40.54379,-74.22338 40.54589,-74.22241	iejvF|badMWsKc@wDsAiCuBgAkKcCqJ{GyDm@i^`BgKOmQyAmKeCcLaE{FoCcHmE	BBBBBBBBBBBBBBB	NYC_DOT_LIC	4616203	Staten Island	WSE S BLLOMINGDALE ROAD - TYRELLAN AVENUE
439	54.06	58	0	9/20/2014 19:22:59	4616200	40.5900505,-74.19356 40.59141,-74.19352 40.59413,-74.19266 40.5984005,-74.19099 40.59978,-74.19014 40.60139,-74.188741 40.60213,-74.187981	yvvvFv|ycMoGG_PkDuYmIsGiDaIwGsCwC	BBBBBBB	NYC_DOT_LIC	4616200	Staten Island	WSE S SOUTH AVENUE - VICTORY BOULEVARD
440	52.2	148	0	9/20/2014 19:19:32	4329483	40.5264504,-74.27001 40.52568,-74.267851 40.52528,-74.26585 40.52492,-74.26286 40.5246206,-74.260011 40.5243004,-74.25713 40.52432,-74.254681 40.5243904,-74.253171 40.5245704,-74.25105 40.5256,-74.243941 40.52514,-74.24127 40.5253105,-74.237981 40.5254706	iijvFpzhdMxCoLnAoKfAuQz@yP~@_QCiNMmHc@gLuAmk@[uOa@qS_@eN_@sMc@wP	BBBBBBBBBBBBBBB	NYC_DOT_LIC	4329483	Staten Island	WSE S TYRELLAN AVENUE - 440 S FRANCIS STREET
441	55.3	142	0	9/20/2014 19:22:59	4616201	40.56058,-74.199581 40.568141,-74.192011 40.5700804,-74.190751 40.571991,-74.19015 40.5737105,-74.190041 40.5751205,-74.19029 40.5763306,-74.190571 40.5777,-74.19088 40.5899804,-74.19356	s~pvFjb{cMgn@in@cK{F}JwBwIUyGp@qFv@qG|@wkAvO	BBBBBBBBB	NYC_DOT_LIC	4616201	Staten Island	WSE S VICTORY BOULEVARD - ARDEN AVENUE
442	8.08	992	0	9/20/2014 19:23:00	4616335	40.701401,-74.012481 40.70129,-74.013061 40.7014206,-74.01399 40.70163,-74.014801 40.70205,-74.015431 40.7026306,-74.015881 40.70353,-74.01634 40.704311,-74.01654 40.7055,-74.01657 40.70568,-74.01634 40.7064,-74.01607 40.70669,-74.0159 40.70794,-74.01546 	wnlwF~pvbMTrBYxDi@`DsA|BsBxAsDzA{Cf@iCDgCm@oCu@y@a@yFwAoImCwRcCwDgA{@i@}COiDaAsQiCwK}AqUiC	BBBBBBBBBBBBBBBBBBBBBB	NYC_DOT_LIC	4616335	Manhattan	West St N Whitehall - Watts St
443	4.97	1058	0	9/20/2014 19:23:00	4616343	40.7047504,-74.0167 40.7043,-74.01667 40.70387,-74.01661 40.7029206,-74.016231 40.70221,-74.015801 40.70179,-74.01542 40.7014206,-74.01484 40.70127,-74.01394 40.7012,-74.01316 40.70138,-74.01219 40.7018404,-74.01016 40.7025,-74.00958 40.70244,-74.008811 4	ucmwFjkwbMxAEtAK|DkAlCuArAkAhAsB\sDL{Cc@aE{AuK_@sBwAyCyBoEeDoGeCoEiCyEoCaFcDwG}CcHu@mBgAuB	BBBBBBBBBBBBBBBBBBBBBB	NYC_DOT_LIC	4616343	Manhattan	West St S Battery Pl - BKN Bridge Manhattan Side
444	31.69	107	0	9/20/2014 19:23:00	4616327	40.7051105,-74.01663 40.70432,-74.01667 40.7035205,-74.016561 40.70224,-74.015841 40.7016205,-74.01527 40.701401,-74.01473 40.7012804,-74.01399 40.7012,-74.01327 40.701401,-74.012031 40.7018906,-74.00995 40.70306,-74.007731 40.70481,-74.004951 40.70656,-7	}emwF|jwbM|CF~CU~FoCzBqBj@kBVsCNoCg@wFaB_LiF{L}IkP}IkP}GyOeCkGq@qEa@qF	BBBBBBBBBBBBBBBBB	NYC_DOT_LIC	4616327	Manhattan	West St S Battery Pl - FDR N Catherine Slip
445	16.16	330	0	9/20/2014 19:22:03	4456494	40.7262006,-74.01112 40.7252805,-74.01128 40.7218105,-74.011981 40.7195505,-74.012471 40.71654,-74.013231 40.714451,-74.01376 40.71251,-74.01429 40.7108405,-74.014721 40.7086904,-74.01542 40.7079305,-74.01572 40.7072,-74.01598	wiqwFnhvbMvD^xb@lFxQvCrb@hHlLjChHnBPgBh@gA|@WzANnDv@|Cl@|ATvBT`E?fFKzD{@zDcAvC}@dD}@zFaBtF}AtF{ApH}DnIqEnOcI~McHxLeGlHcCjHeF	BBBBBBBBBBBBBBBBBBBBBBBBBBBBBBB	NYC_DOT_LIC	4456494	Manhattan	West St S Spring St - BBT Manhattan Portal outbound
446	14.29	562	0	9/20/2014 19:23:00	4616326	40.72619,-74.011131 40.72037,-74.012261 40.71206,-74.01443 40.70976,-74.01511 40.7068606,-74.016141 40.7050706,-74.01644	uiqwFphvbMjc@`F|r@pLjMfCbQlEdJz@	BBBBBB	NYC_DOT_LIC	4616326	Manhattan	West St S Spring St - Battery Pl
447	14.29	208	0	9/20/2014 19:23:00	4616336	40.7242306,-74.01124 40.72686,-74.0108 40.7302704,-74.01043 40.7338,-74.01008 40.7376104,-74.00985 40.73897,-74.00994 40.73975,-74.00967 40.7405004,-74.00923	m}pwFfivbMmOwAiTiAaUeAyVm@oGP{Cu@uCwA	BBBBBBBB	NYC_DOT_LIC	4616336	Manhattan	West St Watts St - 11th Ave Ganesvoort
448	47.22	423	0	9/20/2014 19:21:34	4620343	40.77149,-73.99423 40.7719,-73.99401 40.77481,-73.99196 40.77839,-73.989341 40.77996,-73.988171 40.78128,-73.987011 40.7841305,-73.98492 40.78593,-73.98366 40.78773,-73.98286 40.7894805,-73.982121 40.79086,-73.981361 40.7923506,-73.98027 40.79319,-73.9795	ydzwF|~rbMqAk@eQyKkUkOyHiFgGgFyPaLgJ{FgJ_D}IsCsGwCiHyEgDiCwDuDiJqLsBmBuAi@uFyAmLeDoCqAsHsEgRiMwLqIeU{MeIcGyDuBgF}BcBiAkBsA{CmCyGcHmC_CoFsEoEqDqJyGqHqFcN_MuKqJaCyAwCuAsHsBeOyCwJiBuCmAkH{GkDkCaDmBgBy@gDkAeJiAaK[cFq@yA_@oIoDiEiA	BBBBBBBBBBBBBBBBBBBBBBBBBBBBBBBBBBBBBBBBBBBBBBBBBBBBBBB	NYC_DOT_LIC	4620343	Manhattan	Westside Hwy N 57th St - GWB
450	19.26	1001	0	9/20/2014 19:23:00	4616346	40.8500304,-73.944831 40.8492,-73.945241 40.84835,-73.945271 40.84443,-73.945051 40.84353,-73.94511 40.84261,-73.945271 40.8412805,-73.94574 40.8401804,-73.946311 40.839541,-73.94677 40.83856,-73.947611 40.8376105,-73.94856 40.8373205,-73.94883 40.83661,-	uoixFdjibMdDpAhDDnWk@rDJvD^hG|AzEpB~BzAbEfD|D|Dx@t@lClAbCh@bIzAzAb@jNrCpGvBjDrBjQvOlL|JpJxGvHlGnHtFlJfJhH~Gb@^r@b@hLhGfGjEtOvInUpOpSdNjIxEtAr@rRfGvCxAVNlCnC~EzFnCzCrBrBpEdDtIdFhEhBvCdA|ErAdHzB~A~@hDvBlBpAfC`BfC~A`EjCf@^dGjFpBzA~CtBhD`C`J~FdJ|FfIlFtCjBnBjA	BBBBBBBBBBBBBBBBBBBBBBBBBBBBBBBBBBBBBBBBBBBBBBBBBBBBBBBBBBBBBBBB	NYC_DOT_LIC	4616346	Manhattan	Westside Hwy S GWB - 57th St
451	8.7	655	0	9/20/2014 19:22:03	4456500	40.7712605,-73.833311 40.7727804,-73.83087 40.77333,-73.83015 40.7742104,-73.829271 40.77584,-73.82814 40.77868,-73.82651 40.78087,-73.82537 40.7818904,-73.824941 40.78298,-73.824621 40.7870604,-73.82379 40.7881605,-73.82321 40.78889,-73.822701 40.78929,-	kczwFdqsaMoHgNmBoCoDoDeIaFwPeIuLcFkEuAyE_AoXeD{EsBqCeBoA_@kCQeBJwCr@aA`@oXtOyUlN	BBBBBBBBBBBBBBBBBBB	NYC_DOT_LIC	4456500	Queens	Whitestone Expwy N Exit 14 (Linden Pl) - BWB N Queens Anchorage
453	52.82	106	0	9/20/2014 17:36:00	4616239	40.7714206,-73.83345 40.7702704,-73.8354 40.76924,-73.836711 40.7675005,-73.838271 40.76592,-73.839261 40.7654804,-73.83954 40.7649004,-73.839841 40.76456,-73.83995 40.76418,-73.84001 40.7636705,-73.84 40.7633,-73.839941 40.7626006,-73.839671	kdzwF`rsaMdFdKlEdGzIvHzHdEvAv@rBz@bATjAJdBAhAKjCu@	BBBBBBBBBBBB	NYC_DOT_LIC	4616239	Queens	Whitestone Expwy S Exit 14 (Linden Pl) - VWE S MP8.65 (Exit 13 Northern Blvd)
206	11.81	966	0	9/20/2014 19:20:25	4362252	40.7889706,-73.790541 40.7889404,-73.789571 40.78923,-73.78775 40.78958,-73.78552 40.7896406,-73.78466 40.78952,-73.7821 40.7893705,-73.78109 40.78911,-73.77983 40.7886504,-73.778501 40.78822,-73.77755 40.78766,-73.776491 40.7871504,-73.77579 40.78654,-73	ar}wFzekaMDaEy@kJeA}LKkDV_O\iEr@{FzAiGtA}DnBsEdBkCxBmCjE_E|FwEzG_GhMyMzE}CfJmDnKmEtImFjG{FnLgOlCqCtDiCnI_DxQyE|CaBnGsGpBeD~A}DpFsV`CgG~BaEtFqGxAeBzBiFtA{Ft@oHS_CwAmDiBuDa@oA}OyZcAaDoA}EmBwHiBwEgHkMaBoDsAmEaBiHk@{E	BBBBBBBBBBBBBBBBBBBBBBBBBBBBBBBBBBBBBBBBBBBBBBBBBBBBB	NYC-DOT-Region 10	4362252	Queens	CIP N LIE ramp - TNB
354	44.12	158	0	3/21/2014 15:24:27	4616228	40.8859405,-73.89676 40.88698,-73.89528 40.8876205,-73.89407 40.8884506,-73.89185 40.8891906,-73.889041 40.88976,-73.88773 40.8907504,-73.886441 40.8938205,-73.883351 40.8966206,-73.88065 40.8978505,-73.879821 40.8992805,-73.879331 40.90706,-73.87806 40.9	cppxFv}_bMoEgH_CqFeD{LsCqPqBeGeEaGeRiRoP{OuFeD}GaBso@}FsN}AsD_BcCqBiFaG	BBBBBBBBBBBBBBBB	NYC_DOT_LIC	4616228	Bronx	I-87 NYST S Exit 1 - MDE S Van Cortlandt Park
202	50.95	43	0	9/20/2014 19:22:03	4456483	40.789536,-73.78631 40.7894,-73.78765 40.788976,-73.78955 40.78896,-73.79011001 40.789124,-73.79086001 40.78927,-73.79118001 40.789536,-73.79157001 40.78996,-73.79196 40.790714,-73.79246 40.790714,-73.79246 40.7911,-73.79267 40.791976,-73.793 40.792916,-7	qu}wFlkjaMXjGtAzJ@nB_@tC]~@s@lAuAlAuCbB??mAh@mD`A{Dh@kDJ}F?ePM	BBBBBBBBBBBBBBBB	NYC_DOT_LIC	4456483	Queens	CIP N ramp to TNB - TNB Queens Anchorage
142	45.98	164	0	9/20/2014 19:22:59	4616261	40.83037,-73.85062 40.82996,-73.849251 40.8294605,-73.847771 40.8290406,-73.84645 40.8288104,-73.84523 40.8288104,-73.844191 40.82898,-73.842891 40.8298604,-73.838141 40.83005,-73.836841 40.83006,-73.83578 40.8300205,-73.834511 40.8300906,-73.833971 40.83	ytexFj}vaMpAqGbBgHrAgGl@sF?oEa@cGoDu\e@cGAsEF}FMkBe@{Ci@}AyN}XqEcLyA}B_As@uA}@{AWiBEaBRoEdA}DZ	BBBBBBBBBBBBBBBBBBBBBBBB	NYC_DOT_LIC	4616261	Bronx	BE S Griswold - Castle Hill Avenue
126	44.74	160	0	9/20/2014 19:22:59	4616247	40.8271606,-73.84993 40.82771,-73.84671 40.8284105,-73.843471 40.82869,-73.84133 40.8287905,-73.8386 40.82891,-73.837 40.8292,-73.835541 40.82968,-73.834031 40.8305,-73.83239 40.83211,-73.82983 40.83305,-73.82826 40.83366,-73.82693 40.8343006,-73.82571 	w`exF~xvaMmBaSkCiSw@iLScPW}Hy@eH_BmHcDeIaIaO{DwHyBiG_CsF_C{BmDuAgDIcC`@gDbAgCZ	BBBBBBBBBBBBBBBBBBB	NYC_DOT_LIC	4616247	Bronx	BE N Castle Hill Avenue - Griswold Ave
338	45.98	111	0	9/20/2014 19:22:59	4616255	40.81376,-73.93128 40.8127206,-73.9316 40.8121104,-73.93169 40.81148,-73.93161 40.81091,-73.931261 40.81044,-73.93079 40.8082604,-73.927901 40.80772,-73.9269 40.80653,-73.923971 40.80503,-73.92024 40.8037906,-73.917471 40.8036,-73.916931 40.803411,-73.915	_mbxFnufbMnE~@xBP|BOpBeA|A}ArLaQjBgElFiQjHiVvFiPd@kBd@_EB{DQcBi@uB{@cCcEmL??wCcI_AyCgEwMo@wAa^{j@eGiJcAiAyB}Bya@gc@_A{@sFgJcC}CK_@cGm{@uAmS	BBBBBBBBBBBBBBBBBBBBBBBBBBBBBBBBBB	NYC_DOT_LIC	4616255	Bronx	MDE N RFK Bridge - 142nd St
